Name,MD5,SHA-256
av-img_1.jpg,983358e8d3ce3ccc71c695fa0681300e,385c7f9aabb8025b02578d59c35f67e9205e596103e81f090bdb71a75b6a404d
av-img_10.jpg,a15c28f3b29b934d659ee386b822f35d,a1a319d8e652d3878cade718df809090e0d0f2f9ba2b943164fb811d4602ee32
av-img_100.jpg,e6445e264ae37df4a42b06d53ec97984,7a7705684cab8531ab49337f738ec078d03cfa81b064966c77caef21d5d55643
av-img_101.jpg,fcafde7581ecff017589d0ef55d57e45,36e333507b96be15f5af1c1d868c8f6b3a26c04a7e41414e94b0af17bf72b7a4
av-img_102.gif,f48733d82d5316022b69919072f31efa,9fddf5d0f04ed36ec9fdbbbddfbc10e2967f5d78d71385a3c91955abff28232c
av-img_103.jpg,5a81ad0d9b6cfa9155003f472a376bdd,3e22694e5324905fcbbb20fd991f5440730aea2e3d4f1ed269a7ff2d7f05fdb6
av-img_104.jpg,98f207069b5d3a1d260194ec4231fbd3,4cff5908946405c84711726a10dcffe8a886488b9557d4927b5a2516c4a0d903
av-img_105.jpg,1ed60d95c5a7eff4b3f2af086ba61bac,18f361aaa7ab9657237b6449dd1abd541e7e43146507b9a2166c99c931c2b1d3
av-img_106.jpg,7d4ad1fed21870e9d522cc5dc5c454cb,d5c30f2336cad40c1e011c797b198ff071ec36c663b1b2279935a8df527de1f6
av-img_107.jpg,abc26891c7bcbfcc0cf0c68370d39acb,8b82d4330a85097d0dc45849365e08850e0e934750c782eb5707d3ae5cdd9561
av-img_108.jpg,b26094f4b18f68edd593931e8af5e81c,b172deddce89546a372b852621204ec000c94b6ab207e0c525e5ef4643ee0573
av-img_109.jpg,d42feee6e95301f71f86540939c3f536,2c1481819daa776f3d95d96d75558f380e0770234f225fe8655c1676d7e677e4
av-img_11.gif,fb1a5fba8bac947e18cf1d55e7bb90a9,eafffe863cd373997659a74c7d6651f51bc97cff0015dec0677a3da77fcc3c32
av-img_110.jpg,264e6224f5dfb22010a6765e43a2b907,94531582da6541ee78920ea7b0de5f89902a82140849d105f66ba05528bab97f
av-img_111.jpg,1b036ca3ef269a12a4c1c0671900094c,9a79fae55b8a3c0ed2743bdb52a54be2426403bf80019d6a0d10cec64c98d893
av-img_112.jpg,6665e7fae7f602f93abeb831f0333aea,82f300e85358078456ede1e4be42d32c696c48a520fee1a4e263d764e251dc53
av-img_113.jpg,0fc3ca510e8d451ebff5f8d50157e01e,861430c6931e0b3dc39b9815a2385515a9f3076e72ab024f1a632ce367fad441
av-img_114.jpg,bc125f54d9348ea150ede3c3c5df3bbc,33f2f5e4ab1c75c0236956d0c3138524c7834126df761703f3b1b027e957b68a
av-img_115.jpg,f80e193e04e0ca4a46054c3a117d228d,325e9fe2db8909a0c3899e75bc115e4eafeb77924513df4f32b6ce1883589db6
av-img_116.jpg,010406d6641e3cc7fbeedfdba05de90f,44fff15edb93ce2dbe22d3b005ffd3ef46b41d2a72c67df3c381bb519619d1e4
av-img_117.jpg,1dab74214684f9ef8d57af1ae3b83d1c,67e55936c5fc3120e0b3d843f0303ab6bbbd3a97dff5b08a78b3fec1db17fe8d
av-img_118.jpg,5dd9bf428d1efcc2e0fd284bbdd0a9fb,9038c44b81f72e4ee5804bc0646a7e775d0d4f438d4fa6e3b659418afc0961c9
av-img_119.jpg,04f9326efc1091b2c9a5c120420fe266,e735f001aa55d47e2174818e9b63b21ff5398125282f9cbdadc475b7f7961ee1
av-img_12.jpg,2502b3b214a3b4297aba8656273530a6,a04d796c98ebbcb7de02eb99c90f1e7e5413ba7d0d348c5223e31e2d45ee4dca
av-img_120.jpg,0b6eeeec34313e115cfab329c0d20530,11cce866f4eea7cda183b3479957219153e03ba00f3fcb3dcdadb19db737fb89
av-img_121.jpg,930fee2016bdbc6dff2b767c77ee8499,73020044b2ff0b1835e958ef9518bb7a7f75fafdb95bf90aded0eef29cd2f68b
av-img_122.jpg,89180e5e5a6b9a8c2d1d5faa4d727122,57f3a615e54dd575ef4570768cb9a4854c57d51d4cdae8ed22752a0130aceb0e
av-img_123.jpg,65525df1d80f09586be1bbbcf51dbee1,8af5e23e4388f5fedfa8bce000330fb732eafd98a57eeeeb16b3bc9896dfdfdc
av-img_124.jpg,58f8e82133c6c8e3f1f8deef32dec7d7,7a8ae5ca0a53be014f4688b9d6b10fbbc562cdc02550495b44359c7458185117
av-img_125.jpg,b7bfbd87c3b650f62477a4b26620ab23,7afaccaa4a7627103fc5d60d2760e4ce9e6a7ea78545f85fad9050f9007a1d88
av-img_126.jpg,f53e6990e22e68445fcf241cb8e85cfd,cd8423c95bacab0b5f452f554002932be5356da79d45c2f73ffa414723db80f5
av-img_127.gif,cb33a2455279abf3cd82922414a1e13d,3890d3cdf5f6f1d95569291851668c36b5569b7a4c66b03f42725fac910a57ec
av-img_128.jpg,2006a6f2f81d3be5c6c81205dba653c7,e2d621d34443be0bc43241fe6dae162330682f0b0bd787bdc4f64c67b05214e0
av-img_129.jpg,63facf846bd76ab5da312030d00aa4b5,58ee72a08afbbaf0adcee3c73aaaa652b493ecc702d49232b7350831987968ea
av-img_13.jpg,cac63fb6af61f3f729d5afbbc1d8c5ea,c2710b3be089278a879c38b972260ddb99535a2cceffaec1f590cb36d171b08b
av-img_130.jpg,27c35e830a951313142d47342ff8f6d6,d66b53c5c0ecc282e7bde5027d9bd4a4f115519e8700d19639377d70b4daf732
av-img_131.jpg,68efdf21305058a2b0a01892343bbe59,bbb50f161531c2a6de10d512aa27caba6bc3a13139f8a7562a2741c5b9d16b88
av-img_132.jpg,70d4259f3026284cc263149f589406fe,0eab5836b698f3ae45d612574e3a11d21a0f9720f4a7d083fb2c9c3d326230a8
av-img_133.jpg,2679f8655bed681e83684c9b06e5dfe1,2f3a8e9c1341f85bf42ad64f8bd7b0950002dca5d4ded6191076badbb677004d
av-img_134.jpg,dafb24305bf28f38cdebe89169dd1edc,3cd0158f58712d921bec4dd524f569e0941b3294efc41886c101ca26b0fd334b
av-img_135.jpg,b6859bfa25755f506fd8343e9010a3ab,d0fdbc8f6639ed3317b4155a846518f380549233f34573a29b910cfa489f8df1
av-img_136.jpg,c650c14eb8e1bb5ba8ae60e5d3df711d,70699d50c4bde0b96cf3b7cfa08054357b0b7e65f03671fe5a81f162d2a5c136
av-img_137.jpg,6908c33669723374a28b403c098f0554,884be57a947cb190106fb9cede656752a1eec11c5e4b5bbff011d4b527ece053
av-img_138.jpg,ad7bad8bb7a8ca7b71b93de5ab80d770,743a80850a650d1042f971b05e65e22170cb7524e70595debf54c19a5e405701
av-img_139.jpg,758423fbe008c0e3fc49499a1eb1c3f8,e28c747c64dadb901d94e0fbdcf1c8478a16489ca643af358d0dc3288337d2ee
av-img_14.jpg,8b8f3f2204ea4ebf4045b02b304870e9,23f52bff823da614720f3b6d70291cff2a8f75f4a83ac5f98abb7932b86ae7ca
av-img_140.jpg,f1748d85773dd9db25e29f7f76ce58ce,50f0749d4fd33721f86471ca1e66588fd93732689ed6b6bd8f1402f0f65f85c3
av-img_141.jpg,d62a5e939a182093e99ab1781f7cb4c0,32ac41a347946ea1cf7eacda06323f56e3fa6bf411ae609900e38650b41c3615
av-img_142.jpg,950a0b79ccc6783411165ea3af5370b5,7d5079a60e94c9ec04f68eb993f915cb40c81b2d69d00f6d7908ea3ff856f613
av-img_143.gif,eaab096063172ff07f66f0a40db0ef92,449428abcc523f51cb09e9eb6c335752f181cd3d20be1f1fc8608ba7eb16b2d5
av-img_144.jpg,a7e6f8459dbd80bd302157e7f1106e55,10634a69339ca409f0acf257d09ace5f8606f419b92885aa2dcd4d95da14c1ad
av-img_145.jpg,0ea9f9d81bae5f6a4b6890abbf63f990,8f4cc07f80a009f69641ac163ae80768c507a34357391b03fc69457b42eec68e
av-img_146.jpg,a3475f5ec34d48e2d580560801d560e8,99de4877389ac8e53982247c560972b75ec8559e7fcd4f5d8d7954b6706819b6
av-img_147.jpg,a3619a24f2de735eeb8e20b1787ec798,ecef1de67967db6f3290236f0d59dfda24da1b1f7464c51b4fa944a42801ceae
av-img_148.jpg,a895a8653e37713ba32a1fc34100ad9f,31a18f381c734cbe013bc69864a7baa01856d6448fd56d321f8afa497f93663b
av-img_149.jpg,bc6c60d4b47d43c8c85bf3e54105d873,4c2c33c4280c5f8b066862415900f9a008e45fd2c6f105aa8cd714ffb32f9898
av-img_15.jpg,be93eb12481a5327edbaf4286e316b8f,3b8ac58e3f83fee10639b97d9a0c98934af5a0cc6d190fbfc01579ec5d26dea6
av-img_150.jpg,4579b5aa3beca711c324aa99ad09ce73,57a781f31854f36acb2baf9506025f7da0782dd4f8ec8ec4e1f9a13819382be9
av-img_151.jpg,3be88a4589482f61ff9dccd0d96b65fd,bb152f87a555667c365993f7841a9311ac7f3bae40a372786301c562ff3c0944
av-img_152.jpg,69b1d52eb7867dd8752b88f590a132a2,f5a96ef141d167c94ef5678d55b94fd9725f7e8fe344383425bd4ac248b40d1a
av-img_153.jpg,7859ebd2042a40ac8a5f3f6001d8f676,89ac86c41d18fe6534d486abe14ee735e98e4a88567d8abb4d1f938c8fcc6d94
av-img_154.jpg,5373a2b0cac6f31998d9f01edd4343dd,6b6ada90c6ed7973d6dc8ca10cde614b67c028ef634ac2df91c04e71a3646284
av-img_155.jpg,71ce3edb766b01606520e124580f6e2d,d03145651270b6b62b8db0fde08ccfb6a769c4c6b7938d1bce9bf4f449620a56
av-img_156.jpg,a078a192900a30af9d4e16ab96efb2b8,7a7e72080079c5b2ccc0dca9ddf2e8285e7a35bfd1c9e9b9cae40827d7f6565f
av-img_157.jpg,1e484a6d2c08838a172e9134b2ea81f8,17313454db7abd746a184e75c019b70d39cec66443816e6a257c6070bef569ea
av-img_158.jpg,e83da5e0fcb62683662f652d4430e0ea,5ff9657272c2f9c1ad6d075f59854a59be8f5553446de97a772e3ec2e496bcfe
av-img_159.jpg,a4e42fa08ccb51631d512ae5aac5b256,ba68b7d28342a8a3f958e99d6e246cdeca67dd604e27748a0d50e8053902f6e4
av-img_16.jpg,94ab8947272c1bd4498cd32cf1f8858a,c885c5656ae9c90ccd67b0a83db60b9bc7c7b44b515a26c77836ecfffe959130
av-img_160.jpg,a6fc4421dd443b893c1b41adbacf444c,855e2a67ba54b5e86740a6bcb4595450fdafaab60a6aa75006fab685b8d3a176
av-img_161.jpg,abbf21c461d42cc68fe8ce951650c61b,291f07a5de6449f295411b40bdb236bd306a7f24e94934eca625f25356a680de
av-img_162.jpg,033e5bd4638f9947567042ddce5fd1b3,e74c285b5740a4d6fea851a4e27d9f5575ab04b20fdedbefd16cafc99aa6f5f6
av-img_163.jpg,f83431f1a81b0c6da05729d74a3e10bf,e6d221b196ee5ec259717f53ac6515dc9570d18637165538f46ff199dfbdd260
av-img_164.jpg,c41eae69fa825b81435a596beadb1b54,b4053cd064b4f6772ddf93728904011269bee8be89afb7ae8b289602068a5f20
av-img_165.jpg,bbb132baba35ad17a195f0f32d3c67cc,a005df5dd7edf93edfb667ce314e91b0b85b2fe1f5ae6f7094246f269265e208
av-img_166.jpg,e825e5153a88ad8c96401c620443c706,fbbd3abbb67cac8d1c2eccac6459bd66632600896aec7619ac16d4fcfdbead4f
av-img_167.jpg,6fb3b5f286c33ada080592979675c62f,351827a40c59b7a6509557a6ccf21a74cd01724626bfe95b32982229285c0a81
av-img_168.jpg,291af61797c728a4741b552afa89cb47,d6842ead76d053a1f07527dcce0907af96495fb75f6c5fee6a266777c4c20033
av-img_169.jpg,6dcaafaec9103f695df1160143fd49ac,6e7b8d697e16b96e8327fd2ea664add44221cc89e94d0ec446c91fcd207a600e
av-img_17.jpg,dd88f4e6ea227f72e1a036e3d88c2eaa,e00072973303dc2676ad847b63108a184d40b5d30e26cbe800b67aa033171e16
av-img_170.jpg,071895fc3b5d2c95efd03a2e2c973812,c73b4374099658cdf3e03c0ae8edd8284a5eba915b84a9b80905cbf6ce164368
av-img_171.jpg,f58fbf7fb17378feab0eaabad8e378ab,7c86591e945a8698ac2ceea410527ac724efd8316e97c087c60ecdfd95d6918c
av-img_172.jpg,6f64dfba2c911ede0e67a064b9fad88d,cff6b12b24432dd17e34dba8cdfe4a7fbec11fedbf76b352fbec310286309d36
av-img_173.jpg,4cac205b58f03894d3f1112c9070cd41,4a8c28c1b82a0b795dd3d088fb843d00cc5d0869f3789f76f6a9a946d5d4c675
av-img_174.jpg,cbf424f05b84a106ea7fd5ff47ea8898,194af479097c16e4862576ae601b96087efe5809c3a48b54b8229694762f4096
av-img_175.jpg,e34aed64bf74ee66adfd4f324f34d2ed,48fc8b7a4f9411abb31f3ac347a4169df7021b57fedc9de14263ada510e2d5f8
av-img_176.jpg,774c5d12c484b387d1a1cacc05278de8,e8d19ff16c9e44207560721a0b357168899f78ff65c06d1cf93b996d59293df6
av-img_177.jpg,64f2e4940ee448828f582a2c060c656c,d3726fa084f9b4142add0be214cc854cdb89fe760cd72b08fdc4553023bc284f
av-img_178.jpg,7b9070083a7925b577f2588d7dd52274,4d8278b466178bf3cbab8c76ed5c63cd2d279c7874ba5af4ffa3e0998131eed2
av-img_179.jpg,2e2a97599a6a1c31258b660ef9352d49,7e9cdf66f1687c5c0460441ec076b60acfb7e352071d98c12270cbcbb0e76ad4
av-img_18.gif,3024de8e6ff2645466a69f02d8d82459,e4847ec49d9fab4983768a54969e15986512a62eeb0c168bac83d4a3049f8411
av-img_180.jpg,174a57f116f415bffe0dbad74c59fb30,e9d4d20ab23e0dcf8a018788c1db8eec964ef98eb664ee0ae165f9c6a3acbdb9
av-img_181.jpg,278159bfae8af99baaf08fdc579b00e1,080533f786efdf35ef909080ff110e5f945720e5dedb0dcaaf6091807d61108f
av-img_182.jpg,584930c88f34a29199179f8ba22281e6,582ed9b7d3cca30cd0ec566ce95a333a464bef2524ec05ea25bc83a2de6c89e7
av-img_183.jpg,7b22bcf5a945ec9fae27cb01a5dc3673,3a555527093005de9a8dda49d1db184bb5093e9ab1067dde83871340f151d16a
av-img_184.jpg,7b5016ce0d9b6a0fa1163e08115ae279,d0333055d09050fe4c543becd6a34f18d3273337a7cb8c3823f36483d09da80f
av-img_185.jpg,d01e6a1809e440cca1e484263127d26a,df7bc19bdbda2e9f8f6c9ab4377edef65f0f1ea4637eeafa70f494ee2174d497
av-img_186.jpg,e8080d375dad087698fdce6c95f0cce7,3a924bea9a6ed3c59734ab3b08b342927868debf716c5df26658c4ea79f3a69a
av-img_187.jpg,6f0ed1072662e26afbc352e9b96eab5b,54d530a6cb262d31896c2c990d65a6ffe41e403564d1f992ac0bfeb2174b1e32
av-img_188.jpg,24273552f7b6698559fde1b51bc0e3d6,4edee093c61627000a98a26571967ef2151322c10be2aeed3d9f548805d7dce7
av-img_189.jpg,7b538b39e3ffd5c85043017badf7def7,ce86dc514e5b1bc86d67eec5dee97c848e0728fba9754370789ad10e28b0a90e
av-img_19.jpg,e9e2589cf51a45e249975172578515ce,9de744c8d831464e4378f28fd805283f8c6fac48f2fc479074a792345db6b7cc
av-img_190.jpg,02635f27409f05ae328e3dc1b6ba5542,f276df9d167ada71330294a0e5d9c9c3659f49402d4d5210ab69f86633928913
av-img_191.jpg,e8c109b8bf6351555eb7951568dac2ee,a4845df451a3c5840f39354183edf8ea115a494500f9ba9c8ba41d3258233825
av-img_192.jpg,8536070b25c959c37d72f3a0563c00f3,f8edd10435af538092fd90a4a6c05ce506a0bcbd24818943846adfdf6fc96d48
av-img_193.jpg,6e2444c5f8fe5f8f77cab308afad7241,44171bcdc48a508fd7abda6892ab27aea526a517ff7437e22560ae8e9fad61b9
av-img_194.jpg,7fb509c716cc67e92d3d37017a65132b,43b89a613537983c9e560e160ed36f6c88637ee06ac342a4645dc081b91b7336
av-img_195.gif,3baa2653d58332e516e77c49a8dd4eb6,96b35ec110cb5940dcc66eda7790099d57c75379ab2527c9d7662f107cc238b4
av-img_196.jpg,0c5f9468791fad23c5927d929903a819,0f0f15a6be17ae74b874989ee575eec63560d0cf4990a9bf3bdb3e1708a4cf81
av-img_197.jpg,f9fef0367c89bac55e1c69713b95e984,c279796e9304d32784ac398d740fb3065d461176832f105f19e76c27949af7fe
av-img_198.jpg,76f1ab6e3910d1fee262d0ff6a8ae9ce,d66b919cd103cf63c9f512b896cd0278304441082b8ec1d6cf2802302059475f
av-img_199.jpg,1fa71ef8c479fc5aa8b603e37b076338,8e86313d27e3ac01366de222e99651c25d885b243132b2da030de0c4051f13f3
av-img_2.jpg,1602153e480e6988b4218779fe49373d,4305649145cc0981b8ca130a657e5b3f74433ca77988e4e166f3dc3f8e7f5419
av-img_20.jpg,d633573f360756648bbd4dbc3a07308f,7a22c9baa51c27465ca354e7d0966760a09118f2464bb5724e9fc1238e6e53af
av-img_200.jpg,6867f37e78170d909346b94152d2ffe0,b4cc72db9dea3a2a551112db8dfeaadbdca855345d9451597c74f95d5be1c303
av-img_201.gif,afcf36cdc20c217472fdc828570028c9,977385a1363a04066023f7e8cae7a64339ec4882f220cce0939a665a61421c44
av-img_202.jpg,19ac4d97959d0a6bc38c92af9395f9bf,d77d7277b429d06aea68244a77dd62c68a1076f418da5c74719c159f3a88c8fb
av-img_203.jpg,ad220eb17b3fd4ddb8c893625b1c8f7c,09cddc06e2245a05ac87e1071f9aa07199873421e1b79c65270543c93fcee3dc
av-img_204.jpg,f0871ea352dd0ca2d61cae65c79e4eea,9f7241e15ab6572487a787816ffe09d8b2a0b3ce3a019d0c33b6f730289c0931
av-img_205.gif,2c68a306921038e7083c53dfbf2934cc,bd25717a2f18df25046b7cdd378cba729e05acfd69635edda44f5a4609d3dc24
av-img_206.jpg,b66d484104d858576e8d8b4f01a83ae3,00409acc4fc729b8d965fb5ec084b5dda2858fd47bb24dc10e17430fd214cc24
av-img_207.jpg,d355433b4795bf06b808f7243b74eb57,050fbdc9731595a09d9bd82256cf638a318fb91926f3da48b66bdce2813e911a
av-img_208.jpg,698361f163b102d20c3517c01493d4c0,3478b8768d8b012d40f79bdbcf3a3277067f024dcc6ef4b8ac78aabcb9f43301
av-img_209.jpg,b2670c7b59078f71fa818ac9c0ea1d36,2b43cbd403072a27a692bec4d923f1dd32c5332d6a741ee08eb9c05c242507a8
av-img_21.jpg,732ece3c8ceeab3a4272ff454bca0cb4,a6a16ab118b6c4fc8358d1e182dd8e532a95a015cbdf31669826c47057b42e43
av-img_210.jpg,d8b458267e706377e393ec0cee7defe5,e85332ec8bfc8c289f594fa5f0f5c898e5cf140233917c50441505a05769f1a8
av-img_211.jpg,10a3d467c42623dbd6d1a36a64376bed,c4cbb2359f598c2a48e9b5894af461d73f16e95c2a752d73922b3c857e03caa0
av-img_212.jpg,90e24d9cfc8a76d5c3ffa0474ebccf08,623e0e8842435d0328edf65c618bd017e61e9d6da74d467b4c6a145d5a6bcb86
av-img_213.jpg,be6c57407a33cf46063537fe06162c08,598fe2954099e29e9b05341d61d4503f81be0d404a90ea1eb1bd68aa20e5dacb
av-img_214.jpg,d395c14bcd4414cb54da695620930323,cbf77489f6b4734d4288c062f8d3e5cfcf7499367674d04fb25f9244530b996b
av-img_215.jpg,e55521a18d8a15f00a98b594a6bed8fd,d75ab54f2601dc4b3e2cb58ecf051f0782ade78b5037bd25f65efd332caa4785
av-img_216.jpg,6e1ab4c265d17cacf4be19c165401638,719ef865176704b4bb5f12a1ae03c000b1b12841c9a3d362adc534f398979d45
av-img_217.jpg,32925276fe4c3559d8fcf9840c6598a6,4083962307893e5b2c9a9b356b734c342e8505d74fa2d836ca59e85e9ecb1831
av-img_218.jpg,5392872be5b5b2616305babbc797fc07,a1b4a1cbbe460f7210784dafe765dd336aad91a42dc22684e454ac03987526e1
av-img_219.jpg,2fa46578fa1fb94021000a5e08cd297e,0d97af66f8d95628bd6f780e6ce0ea73685ac152f879e01969be148365c405c0
av-img_22.jpg,03b3c8e40b21a524951f9f1c65f1629c,2f18dbf4883d0b76142d5fbee9ab3b0154d60f90b1f7f438fbc947e23679205a
av-img_220.jpg,d3f4a760bdb356e65b926d652fcdd5b0,4778407d49d960a43bd337c6eb8b5e5daba370e3dbb3e2b7235a4a2c9892585f
av-img_221.jpg,8b4c6666f29ac93120d12708b2998d80,c0bf3c2f6d2697aca4454cf2b83567f18b73bc35e42724e4c259ca19a4d1602d
av-img_222.jpg,f24a61f4b3867417e3e6a32952b47e83,5604c795c900136fecad21ed98c8dc4f8cb20ef411481a9bd0acf807801643c4
av-img_223.jpg,0529ddbeb4e53150b2bc3013e122a542,2bb30792be28f82239e5205dfe2131da0702bcfcef30dca174f3e831da09e275
av-img_224.jpg,573b5b4d6ec4b486ce550a725d4d656c,6469c6832b892c2ae2c2e4a65f908e04a3bb24d51e737eb03d377174268fe9e1
av-img_225.jpg,8196141d0657c86e2e804b10d13052e0,7192bd44e18ee342648a4ce7ed8d4f91640e11bc523de010e2ea9db66d58bbd7
av-img_226.gif,f122f2c2027858fd4968c72c2fa77b6a,e94f51c4cf2ffdfd4a5a3e0391860c156346583f41a7d63001b5a06942a612d5
av-img_227.jpg,e909d200441af4bd857aed35228599bc,fb59e8342155cd372dd43a4093c43fb1265a72a38cc19703e51cc58b57e2af74
av-img_228.jpg,a196ded71596634fa685120856c0770b,30f16ba3c4f85c4a0a6a1f9922c4e40eaacf2aeaa0fdc16cfdcbe69cb3951bb1
av-img_229.jpg,b56371a57aad690cf5bc583eb626ac89,d0c9e33fb5de5b484b3bdbc56f64c6e45b8bc9476a9d9992f2838c8ff8f199d1
av-img_23.jpg,510d5b6223bdd8b4fd1a99e0b30db52b,16f343ca0b1803185435cf0dfb54caf93dec37c3e0f39f90a23d1c2f1457c844
av-img_230.jpg,be8270fb4879f708f3265ac2c22ee4eb,8907548daf522744c73b214abfa7db85d71429630101954b2bb35c826b48b1f4
av-img_231.gif,c0fcca1af84f38c428c6a8f1ca8588e5,72385850a1c4af0f671b1c29f9661b6097f02602c480732b6016513735e42055
av-img_232.jpg,a83dcd896cb360072d846afb96d1c722,cada82cbad015ef3a0e1712e13a427cb796ba2ce9a54fb23ab88a575d9d7d8fa
av-img_233.jpg,82938f2691a65b71edcb8bb75478692c,7911ddac3fbf02ddbadb6765a2acaa0d85001548294ec4c5f8dcf2b70c01e444
av-img_234.jpg,6e09e887e7baa60722956d60740960f1,eafb1988f5cb1d49bdc49b44856605e7d6c455614faf0a59cabff87a5941b45e
av-img_235.jpg,9ca1c6c23e040c6fdacb0efd2095c662,a2cb49c2687ea4db8fdc3c69e7c6c65dabbebc89d594dd4ceba7ec69d0c71ed2
av-img_236.jpg,4e6bf1f0fdab85bc83c88542fd9fa6da,0948a863edd90699d7caca02506b77d91632bf9542ce2fb40f4724bacf1831a9
av-img_237.jpg,f93f871efa66ff5e329c9ca91a44d8c4,26524de57dbf6372cd918242c2a478ed4759f8edd62a8a50951ac196bcb8453d
av-img_238.jpg,387aa0f0c7bf8ade7fad37c92e1fc64e,268b02bd1fc693941b51386e9745791c9c720fb0ee6980b7940dc71ba27c94a1
av-img_239.jpg,0c32a00a2f507e97de21e5619e913861,f37ef3c6eff9aa7ab7e89c91b080bd87a801c9262423cf63934e566f81b121fa
av-img_24.jpg,d09f7d5cb52010759bb8d08844772413,f5937ab46b6a7bc3295ba26f10fb691d75bbe5756c767c53b4dd64e839ff5018
av-img_240.jpg,ea45375b9f874ba8f986f25dde475796,666c92a60e2c162b744ff9f9d871807e0414d6c65f8222406e78a167b82099d8
av-img_241.jpg,709672dcae276e980c550c39ada84cb8,068d0a550b3d72a1430a1721d9730a35737bcee54096e208aaaf49e70c43e20a
av-img_242.jpg,ab6ac9fb980b40e944320564e243a0e0,5bad3dcc111813f4a9f5bd2bebb2f97add1718af164150dc460fa716cf345b93
av-img_243.gif,2db45ae7c30b9931a1d487d474f5f839,1f2756acd2050e2b52cf0536183e8cb701649580eedf7c282836c743c443c558
av-img_244.jpg,72cedac00b7abccc61c0bf6f20e5e6a7,7e8c70a755cfaffe37203b5331feae9c0d4772be0dd26dccf53ac22be51050e6
av-img_245.gif,b73738f26c2c4b65da169e937bf7b7b0,2bba7fe8944b4fcf2824580cb1f6b0a6b55374f99b794ef1c20009d854e13345
av-img_246.jpg,2777c7c99d3262ef09111c742ef0ddf2,6661eabeca8d7be2d581c300535baf1468ba6f22cf63ce01727ec3dc8cc2b1d0
av-img_247.jpg,7c4c72319ff14476cce661a44da0f0eb,67cc979f185d2eb1ee7492098f75524502e3457c8353601059c94e4c42b245a7
av-img_248.jpg,e3526c45447cbb1d315c3d8a45c838d4,7037539fb635f4d8a09e5006b8cc0b346e05b43cb88f074a81ac4f42dee5504d
av-img_249.jpg,cc89901df22b50b2206b534cbabfbcfb,5186b60f760a17333b3ebf86d6b277e2e85d1333e487100fa311017c29b16c08
av-img_25.jpg,b3d103f62874fa2cd4e71b867c0e5753,af92b7f68b18061a988a67bcf59cb3a8bee28939d4fd5917e0b4030842d99d57
av-img_250.jpg,287a67aab81101b7f67920456bc792b6,f31718b5638d78ba3107b989d561c334da0988744e6bd3dc5c3f9ee5b45a693c
av-img_251.jpg,40a0bff863dc814c7f345d413f94f84c,21b1192a4e4c14a14fa1026db727bb31b830ea87f4b53d7c7b077c54b9095e60
av-img_252.jpg,6a7c53a2a5b8d1d39ff3650d6b329f13,c311d5abdace7a9890d26862d4b6a7a18b170cb319dcb6c0960bd56b5520265a
av-img_253.jpg,0c771e29cb93684afe465afcf8bc3fc5,3ae5ab33550dab36cf3d05830282c1f81eebadbdfe5fba971a90f0296b2f440c
av-img_254.jpg,27405c6ac54ef3213d2d61be41db2248,4a04faaef220371b842670d55297af2752d5ff6efd2a7b9580bbca16983c39af
av-img_255.jpg,662f6d1ada2fd8a2d21de8d5a05a472c,8b876e0ba34a7cfdf949a22ed79c681971e0405988f77f54fae9b8ce42d5f2da
av-img_256.gif,30b52a01486fb600256c5b5d59f99a2c,7feaaf84f7df7fbe48e4595b8e0b60d8f1618af684fddf99aacfcba99216ab7b
av-img_257.jpg,dda86296431ea4d5bbaaa1588a820984,397b06cf5bf993c0b2ba2b76ae213bbe77c021c1820312a5e314ccee11809516
av-img_258.jpg,95269691b3e4c1c213b7a53163607c1d,f233df2b0f4dac7d5fd35461d568a8af96bc831ef0010733753190f6cb82e2d7
av-img_259.jpg,301a767bfe7e36438a34e66ed0a12756,a9140d857d798a10621884a4ec190ece291091f3fc140ca905baed06e68af94d
av-img_26.jpg,1b859ba2a03f06f16c0f7e385f9b32b1,b9b7916cd4d21afef4c8036e22a9ef9b4372060b99289d2574151702805c2962
av-img_260.jpg,47be86aa6e2e9dbe4618fdf4eb587d78,7c13f180b161c338e877bb8cfd7db04cd4eb8953f2ee5ca33a27edce934d29a7
av-img_261.jpg,5e2a026051e2491cb57eff037d15a232,5673b15c8bc84e07a0287d4e2e7f19d0ca4dc314f52b6dd657d3d7778a52248a
av-img_262.jpg,4fd088cdf51b2a9e2b9e4c4a91e26a0e,420b22382b3793577416a0016bf752d392a95c20eadc39a225df6670bbec7052
av-img_263.gif,353eaaa0d1a13a51ecd66d7e3a850568,c04243e5dd89edaf4a80da861e89b67a45acf17ff1eaf2a06db8b49b16e98d62
av-img_264.jpg,bdbb3f90361c3f406e32cf8290763b2b,96cd3fcf6d4570f9b4bf17e836ec57696040fb2b12d4e442a3440dd854b240a3
av-img_265.jpg,c10f4d795b34220265e7174e43731984,5d6dc46e2854aadcf0a9a5c7361ea56c1d95ea97750ff78bf1e842f91c92138f
av-img_266.jpg,6b984aa6870787b449470d9fca9e2935,e4b81670d5adf903eaf50a454ea4a856e763529d2ec7abdc71850029fb8e9134
av-img_267.jpg,d8a023d547ec59a84cbebae46d08b4d6,cb1d0661c9e5f787a1ba533d458724696d92bddeb9cd07e7da06babb01344616
av-img_268.jpg,666d61d066a8b5091ef60913f8bb8849,883cf530a71f94e80aafb89b9155c73d1a9b6dbe0df166f52b12717ffcec9989
av-img_269.jpg,8c20dc7062dfabbd0850b11f6c38b478,2311ae69128c1e3ad28670fcb11565fd1ed71e217cd798933293f8d2d2ea1f5b
av-img_27.jpg,94b51e9fc863450baf48b27e8338860e,7f0fd90e1ad70d97efb3e8bdf7de1dbe58d46ad93ea7fad4812de4a1d2c04025
av-img_270.jpg,9bf687ea3620be9cdd9cbcc9b17b581b,0ac3ff6c574827709307e65c4dfd490c615c47ec21cb03bd7893426581dbae5e
av-img_271.jpg,6eed7cb4e1525913d14b10c933b8a449,c77f14929d16f7cffd384ef16db2760373720222e5fe834d441152b871d648ab
av-img_272.jpg,4153ab02debfc4b357ebe50143d33f28,f1e668f576b8dc7e369bccc08d4bcd3b8d3a71bc8fdd70c497f6d38c8fe68f4e
av-img_273.jpg,027a3272205d9825b35138ad6d8cfef0,1debbe50ee5a0a09da1d9ebc403f7decd44fafaa382fd59e48cae2bec60faa97
av-img_274.jpg,61e17c2bb1c1ba5a4b5727e3fac4657c,7ee9b1c1f9725d0703214d5a438d7c09a3936992b5c9ab0987d07168d00c5ad1
av-img_275.jpg,e5fe203edc218be3aea79d3d3295b434,c3c4a95cf3eec7c050d7e0ee994505981f3e1a4a46de5d9594c444bb0bdc5c19
av-img_276.jpg,7653b1a5127d2b0f0eaf7001540bb6af,4fe73fe9561f67f6e8c62c63404123ca5ac36ba9f59371c6b64b84cb56ea66b0
av-img_277.jpg,ae59d142ab966f0f30be10ebe5c752ab,b153304d470cfc8ca1f6944b987c3de449ba72a022dc9641ed75d871caff2ca4
av-img_278.jpg,95a30eea61eb1dca04f071220c8e5cee,6a5d49a7de1e38389726dc2755820b05e476c1265752a0f72cc2bbeaf0bcb1e3
av-img_279.jpg,6b6a93f7c058a44eb32e9245c8e99e01,11a4090f1d5300808113a934fc18f0240dd8731849fd179c86d1d18d2e204365
av-img_28.jpg,ed05830470e57c81682555cbcd1df477,60e45adfd3b4260da0dd90eb87e10e8cfadeb38ec1fc8ff6550d1c874e6dde53
av-img_280.jpg,a2891283ba8e842e3660cbb27bd95bb8,82fe7145359e6a29042ef4c9a08a111396567656dbc101270bf63ea6ae3137c5
av-img_281.jpg,bac24a412d7c4fbaefa21f7541a30393,031d8864c5b2213ea1b391418bf52435b343acbf525893c8763d6d6a0729b1f7
av-img_282.jpg,80fcc47b680d09f9b7bd03887e1c8b8a,c92a20e45800e68b0b520e5e72c3549b04fbbb44b566d973f558aa56ff1c947f
av-img_283.gif,ae2dcbf741a6514b4712213b06d5468d,cf4b2c0e57521dafe96c3046aa15188ade1c3e697283b348c2473b2f046797c4
av-img_284.gif,71742682990a3f1b62d049c94e3ffd98,f446fa18d1665d5ca1a8c5e86b96e1ea3024d0eed04f13d67751d16bd2c492d9
av-img_285.jpg,08386ddba939db89d35a57a707f16066,9d684f9ffdcbd25ac64d9f9e97577590b593b4586598d612662b54d7408708e6
av-img_286.jpg,7c12773b66f2b4bfe4af145553411a24,473f2ca1cc8e0ac6e3cc0b92d3aaace408707c254778bbb85701aac7cf01c881
av-img_287.gif,286bfaf79c89dc1f4686f391d35d166b,c272b3f574ba69ba3b9823a460d480ab167b4ea7af7f341aa25290c0369ab8f6
av-img_288.jpg,48abc2c0b0a3db9f9142bcb21b90aeab,2bc3dfc07cf826c8ca7f0347fe69d31617f8f9a072b58678aa7ba46295fc1d6e
av-img_289.jpg,4fd6cbfed0ba5f0eb1b61b54de044126,5faec3c77a30a0f9d496dc2936167d65ee2abadd8fe1184973d7900bbb338f48
av-img_29.gif,dd8219f4eeae7f1aebd5ef428d14aef1,942a542c55e174350d1c74ea669557c367339e989e8b84e11a826ac2e6571619
av-img_290.jpg,46cc7929400389115007884becfe3485,422014a90ffd09ccbe3664df2f20cdc68c7a64a356887bf73fb3525661f0fd4f
av-img_291.jpg,e2d484d24919e867d2b93b74c5f6a481,32c5f556bb0c6856aee1465a6543573c92a211db10f9d0bb7e50e700ac0367ff
av-img_292.jpg,21b3a9063dcd200641c1ea5f4409582f,0ab05303eedbdcaab606fc1158437abbae62ae42a60b1c6ae1e88bc67e892b01
av-img_293.jpg,05150b1e5bc3a13a3941d11eefc5fb72,dcfd39a62460de30b5e3c099f5ac89656598cf7ff9840095c4a21bd161149b74
av-img_294.jpg,a5a835768fa341a4a19ad476f4eeb698,88df320de5cf326b7fbc64de74bfc4c5011a7e9946014b30ead71bcc5e2b2df7
av-img_295.jpg,bf3524fbc31cf2406a8939c12c4b7c06,4de60fe176e238f6fc596e60ec97b0a6123bc2f43fa20e131bf7b4c8ad0beedd
av-img_296.jpg,32c09b15b490687ceb02a02260b5fe4c,b605e4de623126e157f6200e48cbecd1da29f2887d4b17bdfc9dbaacc8fcdbc2
av-img_297.jpg,67a3f8169fae3a68905a96afcc866bdf,2472815168ba310ed3338e231a96a866281871dc06db76d8ea49ab3202d8f689
av-img_298.jpg,c22e89085929febe829dba91d3ec9ead,c6e9c06e4fbdc9749a16e915745445f0b022234cae0a92602620669586eb0cee
av-img_299.jpg,ee0cc7ec3b52bc6a1cdf7cde66f52a47,00ce960cb00f309f6bf4cf1ee5975e1d42308661917c1c0dca20d46cf99e4e67
av-img_3.jpg,08f053c793ad3a52325c0178303ba449,87a6a2745a7035f45acbf90e66492a9e174eef4d35adb1db1d92c74fb255d448
av-img_30.jpg,e6960d68dc5a9339c440b45853f4229d,5b76ae37aef1a65334a21ab03e206f1ab30e0a795280e4f3d21ec408f668935b
av-img_300.jpg,d734615c859d37fd2fb8caf06b7ee05f,727c0b9ea414b3b5059629a91748447dc87700b4e94a0ed151b583f4828dc461
av-img_301.jpg,b5dc12aa2ec25e51aed3bf6d398bab73,aa1ebb048a30932fee8d3f73a414ff94046579d1e178d8d1b226aa2427248f01
av-img_302.jpg,90b4d00eb814b5bf5616914d97315df1,fab34884e3f4fe16171e8585fd289d9fdc478e11ac9d4feac7080acca41b1277
av-img_303.jpg,2be4c98e20d3b71af2fb48be5d0a49ba,3b07427662fb059acea3a99aa50ee563cb7da9dede36c639ab7d6f8d8e4d0be6
av-img_304.jpg,398143566f12944956ff9e9582918e6f,9d867715912534269dbb5e45283eaa1d540524c97add05f81b1bafbfaeb61765
av-img_305.gif,5675fe60acd697156ea05d13e8c77711,820c7df6ed3c75e5f6967dc828d16ab35e3484ff02a511d2d26c6c11c08e9fa8
av-img_306.jpg,b10b167d4f599d440921ecf28badc61e,c3178a0e8a28683ab2a98d1423e57b65c66e7505f58fa31f9629576700a8cef9
av-img_307.jpg,7f309ebf6ecc7419414c36cb2ab14eed,1ce911750e32eb8b5e62146e1af2bdcdfb8842be3793055812fb959804451aaf
av-img_308.jpg,75a2fb05f61654d586d18435e03f0f65,4c31ba99aa356b3abcf058a3c975ea3ea8445e3bbd2fcebc26ea66bbe3bf0fe6
av-img_309.jpg,b4ef18c57b3509e582404f3047e89ea8,1dde180b9d968d0bfe840f9c669be1e2305dd96595b4dd5e32a07089beb592a4
av-img_31.jpg,d25fb25da9af2b59fadd787c88f21577,acf83879ecf18184a2fbfa8d9281d6f5e8aa9e42389ec5b7a4778bc3c3b2f962
av-img_310.gif,9e76be81c796a673bb3fda1f11e9cbda,cf71fc6394d4ed9536de47c5180b39d864b8c8578b8ca871b8c491c47b39ba74
av-img_311.jpg,1a35a2aa44d0697000456fcd50af9ad6,811999cf68ac32689a4934fbb114e1d47ffc74b63eadd521df5ea0d50c784491
av-img_312.jpg,6f0402979cfa02ecb8bb97f8b0fbf780,76060d08358f88330ff2238a8b46d2241efefeab897144bb485d4aeae94a90fd
av-img_313.jpg,3e8e0381722c602d03c164810b9c1f7b,cd70237b1eef42537336cfa71f1cdf7a81e71dddef8260c0e873a93483ff45ce
av-img_314.jpg,fa2ada814135c31061ef65645093d1b3,faeab20f1da1bb435ded1b401d65dd4ae63acacc5fcfbd161482918c7506c0f7
av-img_315.jpg,552025d0aa3c20b49ffc03c926879b18,ba369fd5591ebf94133459227be41a67be071a3ec519cb87c96be90e802cd5fe
av-img_316.jpg,5c6e828e5f643e6f7e14a3006f2f87bd,5a70171d05071d88f650287947205ea335d17f84a31171745d85a6d752061b99
av-img_317.jpg,6e8497275d9234e1382444df3865a15e,540cf5b1fe7a5d744ce3d88d50a8985a212c6334d65734f60983d98672d3b169
av-img_318.jpg,ecd553ff9e67b86c73626f6ba3a14d82,e03f4f8a47ea90d1049362d38600967e4f87ba2a11c4793f7bb935e2d89e40b7
av-img_319.jpg,5c9ee3294c0d3fe14364cb57df48d782,e2a44e6406d8257414cac9a1c9fe3800a15f4abb40dd86215cdf126b43b9b36a
av-img_32.jpg,7631de6f6ce69b450e7b9216860c875a,f9e86d4cfeda507cd5e1065c3d78c25f87bc8060e53041b273fe651cedaebbb8
av-img_320.jpg,7f7b110109e77fb7be34e7304d9e9253,4d0f9a57ee48ca0c187931004c5afa1470660d1888285e96dca9c1537623fb07
av-img_321.jpg,830adec9daf6346d6bdb51e1f7e6e501,17547ee8761225a538d21a8f3083121daf9fcb8364b8241e79645e0089f4ae0e
av-img_322.gif,c8a959f5e51636cef2a4a333ad1b8ea2,bb1e7665d633b613b45355c1265528c8587652a82911558eb18ff01ef4b0c85d
av-img_323.jpg,717882699d5752938ba4cd4228fdf1ec,b4347c4fa7c4a47c9b2fa973e5ec7ebb8927af62eed4a641eb50dc5b5826b317
av-img_324.jpg,ac794c4c20b3e9ee1217e493ab6cfc8a,3cc237a4f000f539ff7f9d14442b53070547a020162bff3492b53391e213ece4
av-img_325.gif,21c47e03481dbe926e77d264a76c4b67,8153a39f21fda5a0baa5dd77e829b55af423ec812b2bcb2a38fe588c6432eaa3
av-img_326.jpg,31762cb6bf636bd7dcefc700da4234a3,ac846171a9826a9872f3cb9659cd753f65ea98fd4d1e9ed399fda695350f214b
av-img_327.jpg,249da15308c2a17d5ffa5e7ed3943269,e33ccd93987a5172f1255ff2c8bb9b291f4a8f347887102fcc258d09f8fa53bf
av-img_328.jpg,085ea0f9d0e819352dd021fbb0408614,ad53f5d65a6ec25c3c23b67610e96556858fa1fc70859aaafc352216d6594228
av-img_329.jpg,b5265c53bd2f957217f59cb6ce4fda93,a62c7d677dc0be69e89852a930b9c7db78bc4ca25a78168e7433ad126fd66d4e
av-img_33.jpg,c7987a7457291f36592cb94a02f61209,674c4c291b6ab679ccf3015f03fba34323876f2ed41ea749aeeed95607c87f16
av-img_330.jpg,0464d32407052874e1ded88297019cc3,bbcc84960a4f999ae781ce4e0d74afacb9d9e415673b1a0495e9bc8020c1b257
av-img_331.jpg,2fa0f5a01ac43b2a3076b7523ed656ec,fd7f5fea60358de438a48466d584caaae334534e3d4048685a1189f059c83e69
av-img_332.jpg,c262741a02fcc8c8869f267b30d23043,908d816656e1ee4dd6f909bdd64ac901b62874e944a6f64f78d9029b380f4966
av-img_333.jpg,1218f9a2ea0fc5cb02f53af5ffb7fb60,98bc29a5010357f0ec78b0ab989037a11f07d814fb79058bac666e630b353cb4
av-img_334.jpg,08ac400170aaa5665b35ed80a5e46627,7a0b98b9dd60c69699ff39cee5c028035c28094b81d1063fefc8c0b202ba8c70
av-img_335.jpg,d5609845b1aa4e856866d063524774cd,8af7f231008ad4281089cd72b2781db6c3034b035718ef54c56ffdd573f315db
av-img_336.jpg,b135c36a6334c5f413de2f86caf5a070,d4f13f6a33ab94c5c27fd581c8faea90b4feca9a3be134f125d57ce3bdecf742
av-img_337.jpg,43b97df2da40b2a1879114a7b00b8e39,9e5cf10789b3bb4abce5872d20f0b0bd5282a9216d1e975ff27cea036bfe16ff
av-img_338.jpg,0aa617b2f4d107d351452294433e9244,175f4de63eb1f55d5f9a2bf32edb94a438bfb09337db3632d04cacc6bb814fc6
av-img_339.jpg,ed338b2bc2c652581521af0e30830710,2756d9243dacc2dde7afd5ccac8607862cbca0a5d9eede98b5557c1c27113ec6
av-img_34.jpg,8d3dcd86d3f57423068f687e8c6b84c1,72233ad4a3e5a49898996f4ad89108eacd3aa908e0779564ec5dfc25c4f93281
av-img_340.gif,f23a9953a5f55b818e2fa8422477bd32,1c39e8be05a60de9cef9c51ee7c4973a30d9e8121678bb724be909a06cf367b7
av-img_341.jpg,e06d5e39b3ed59c4c6bd48b382cbaf63,ed168bbc08624a03d06ec160bda24232ab3f1758ab064fb05d9ca9238c7b8621
av-img_342.jpg,e7648ff59a166aa62956668002a68014,9f036894071bb82058e693c3733fac7f69533274a135b77cfedaa114c26ea96f
av-img_343.jpg,e8011ce6f81d5f4f4d51161c773547a5,8793bdb97c8944003a77a282da84c6d09c4156a31a5245d764c071b4b688658a
av-img_344.gif,afbb3d2d94cf1c10231269e0fd3970c4,98c2d7f64b1f464d6f153f7c4e3a46e6e44d79a04b695a063bda05a4b1ee73cd
av-img_345.jpg,644f4d92a3d5a06b74a5b3b2a2e366b5,0a45c4fe9c00d0178bab61353dd7ac1aeb4b44b1586f776a54a262d3145ed623
av-img_346.jpg,c05742c96938cd3c56ce2470605f6523,e9bfb6d51200a15d80e8be7ad950ef4bb5281d123a2059a9e99452345dbe95e0
av-img_347.jpg,66b5ca63fc4a7bdcbdb995828490bab8,cb72752bf9aa0ba284ef35a8dc7169fb2fa1ee2748831790df396f165015b725
av-img_348.jpg,72e8e4e4f5c2eb27c3156cfc53b044df,0890e9058dfef12a9bb9ed935d2efe28c867bd6ad938c0e8a75653d6b060610d
av-img_349.jpg,531c1775662008fd48e1caa0e84c2637,37cd79dbf62833dbc37c48f03e37cba88ca27d740ebc9d19b44c9a813b894702
av-img_35.gif,251e822cc17aa9f95ec51df4537921e6,c8985792ef252a90e59ec71297cca0bbf2d45e740aa876495f021ec5662bc524
av-img_350.jpg,d0002a85ab99b7bb2458cb3f77b7f4f9,4760567f88ca952981e480e6167c29a2675effe083cd72faf446bcf5bb5888aa
av-img_351.gif,ad1593ccdd21bee4705c626316b8640b,e7d1846f4ba2706a217848edfcc15cb820551411ea7cd41a86de7add23dd1429
av-img_352.gif,26685ad25e69188dd9c2e15f33daf5b6,a8310c1104afc26c39a8035e022df582cea1504e5025abf7c99e8717e8977f04
av-img_353.jpg,daf196fc926a1ece55f7453d19f70ade,be37136f9127505ed4d6fd85e2d66b7d924682a1e3baa0a2e9ca1e67d02ff65e
av-img_354.jpg,ae04d167d5d03857a08e278abd45a2b8,4900baf2bd439db9022c091d0ac5eea92d8ab54f8994950375b5d116aa3b7f97
av-img_355.jpg,0451dd6564f0cd63fe0858f67887bad8,30534f3db8ba8da5770633b2e95dfc8c1fe2f351ab7c58e0758ae5bb9e50cabe
av-img_356.jpg,70d31ae605e6d1a5c0423a9631783987,66362b80e005c7c8e146cff74ebab8eb5c02367af0f4b1c2d83f72f038b7e006
av-img_357.gif,479285abc2efd6660ff41ce90852998d,2526941b7b33008fa10f39d9793ecbd50966e5ffef018e733acc92fc8781cfb3
av-img_358.gif,8596ebd8fc25dcd2cda8e05d000880d4,0a75a2c2b1ffc0810a43c9b2e62dee806eea58a260ff48f073ed7da48a46ce81
av-img_359.jpg,03d469be7a9554efba2a6e56d40e7363,3875eaa754c14ff33e9106bf4609d1bab56ff12ce15bb1f376a79ac4571faaed
av-img_36.jpg,ddde9da3998add7309027b30d228fea7,c99ecb94bd415eaee0116388756986934dcd7eed34014fd39e99a85293b61965
av-img_360.jpg,a2218ac273e97c3f86817e90f7eb9b6d,ec5654935b255feef34e0dd6bb7a0e1de879691f89ee0681ae1ebf32ed16913a
av-img_361.jpg,de29ebc4b2caa52d13600392ff3762be,628fad390c154857528fd9ed774f99c9511eba74671d451b402bbfa33e586a37
av-img_362.jpg,bda7ee34973e7feed4a5296ab116ee46,bc13df457c2980da89da7e14e18a37f2a8985916c20fc6ad1f1099df974bff8a
av-img_363.jpg,aae63a3cffc2489768e453cb7a2ccc7c,3d0b51ee8995043a2574ba0f5cb581e43507d10af11e06b5ce8d3e33b807f048
av-img_364.jpg,8c9dc983131a5accb49fe00f7fd9d5cf,0a0fe47e8d1160a49678c0a7875357e6692a79344dbd530bd9be45a5790c1ec1
av-img_365.jpg,d1c2ab45247642901b367f45b5954a50,03b6b6d1492f7eddee9fa5d8e9ec42b161557c128f153c460142f5043804e50e
av-img_366.jpg,2024a73e2a236454597953fdb4a42d46,fa77519526855bf2880192cec82f064aafb828ee9ea6931d6a0671dbad5e19e7
av-img_367.jpg,600c15c14981353752e7ee7703c559b6,aa5b6f886357e81a581f2082f49a6904e1e79415d29f82ccc50ccc7aa7eba596
av-img_368.gif,d5a6c4fe18d061c6d66fb54c1fa81632,d78e1b2bc609640ac58ba34ebe0a929c9c773bf11af4d7f4a12b15b60521e6a6
av-img_369.jpg,48bffa843d3cb01bb736a1286c3bce2a,06971d0f4b4861f9817fda90fed8ad9dafeacc9fe9ff4299de834bd1c415cf96
av-img_37.jpg,47024d71c77ed0fb2b7525aa4469b4ae,bd8d2d66c22567f48f810699ef0fa8e3affe21d395e03bb63de773ed5ddf96a3
av-img_370.jpg,f45633886c97d29859c9e5473f3fb891,2d717731fe0c08fcd3bd04db118a35efcb4c151f24670904587c8fe58e851fa8
av-img_371.jpg,a6bf8c5f58969d53df959b35d20d0b7a,d33d44eeadffe1dcdbe7a23239ea9a0d06ba112bfa84ac13350763c4ff28c978
av-img_372.jpg,08f00070391deba97c5874e21c071af1,a359b1aa469943b7d3bb67ec638778c04844602654261d0c6886d1ad43a13122
av-img_373.jpg,d221682891cb4162ccf9c166085c9e6f,b0c70b2fd754ccfdd29a2634a1c7d915ad311178a601fbef83f53749d8871eff
av-img_374.jpg,26647b213e32e6cf216b2baa7bee5c57,c42ddf7ce362f324bd0f0c8ad72d5f4677146ee326c14f152ec8bc0cda551b07
av-img_375.jpg,94efc3a81093a5f4a85e7e92c1346a15,167c7470bfb8e08d1c6d37360c3bbf60f30363440b8200c566f980e6ed4514b3
av-img_376.jpg,a230136fe2f4471188681065650e756a,436a052245b0f05c3b2a6c7860c6b894ce8e81aff8faa408d2e8a518e1afa494
av-img_377.gif,67f910f3a921135ec6ccb909d8824a4b,078f0fc5353f83e802eb179f89c3af525358929df48238621865b872d57b6707
av-img_378.jpg,3111577ad79ad6acb943d87b25396137,e12863955599f3522a35c890bcf099636f7a5c06b402ae137f6ff9443f8d2390
av-img_379.jpg,6697f123ed4ec380ff72e4b3b0a469f2,47570700db866b83a22e04b6161df4c6b216eba439c1f0476ad5d2ab345f6deb
av-img_38.gif,924b8c45dd7566fb063c1becdc02397f,144bb45b93326cc1c3941381b0c6c1880c755c37f5c5d3fcf36cc9b842f579b7
av-img_380.gif,c0a36c394444ad88244b1b43d8a30116,39dedd0fdd59c28d771d2c36726dc68e72fe80ec4b2df6b87ac0216f99dea34c
av-img_381.jpg,ae3efae988a7801f72c03a47a02d11c4,ce0cafa5aa94a6fa33b25e6674a9f35f32f7b647dff111d61cc90390547b500d
av-img_382.gif,13b93d4721f60af3bb64d8f8a4cd80e8,3c0f6a22d2cbe5cca7649b78b5a734d2073f0aafd705260bbd734eec0f1e65d4
av-img_383.jpg,39b7d18f80c33476be4029b9024276ed,b43ed20d2a5dd8877aca6fef8c15eca2e91845c96aa1852f6b6a1bb63ed67ae0
av-img_384.gif,64e3c7c69f9e0eb7441431b2607cdd5a,6055ec20fbf83da8d43b09fc985aa07660e950038e1b65820aa16d80a0ba6234
av-img_385.jpg,f93f350a5bbe3033c654ff378d7d9b26,7cc89e2b5b2829d500cf750891ed5a49aed3422fc5367f39b5b5c58decf5f18e
av-img_386.jpg,d03fee4002f0ad89e352f44a906837d9,611468aa9bab4107b57cd1b2287375bfe19fee463f132fe4ad880520e5298e18
av-img_387.jpg,3f67e1c04652e32f4087c1ec67771b6d,65b99f3aa23404f18dd086580808b2e8db5f262f849f70800f191914b1f77d15
av-img_388.jpg,57dc883299996b7ef19d0a7b780e4800,de0c93b803ee5ac7f86f8ef4cb27b506515d7044db64806c79870f1fc584c9d6
av-img_389.jpg,c21f306fdf48cc74bc4c816fd91a4be4,f1734160475fd4989b69292da661b2eff636f69d7174e7a70453d4f18766f9c8
av-img_39.jpg,286acbf9abb2ae12b7daa6c829ffdbd6,005e313fc2debba1fcebbe72f0df779f5fa03392fd30d05c0901321b7c93a223
av-img_390.jpg,ad14eb9b0c8b128f56dc1d22f4c614c4,289e9f400549a4a1814b388c4dcfcdaf4819919fd67017482c1786169ea7f5b6
av-img_391.jpg,d4d05251087408d8743204be2538416b,f5bae30a83cd5e75def59ad29d6501ebd4a76ebf1091c1d237923cf849219a2c
av-img_392.jpg,d89eefaeb552c475f3a31ccfa4e39c06,4a3eb49d9d21f08837a81054fe114e0ba549153d6814b2ddaeed9c04cf952908
av-img_393.jpg,19ce3e9d8bbb3e04ff930d4e581fd343,f8810eeb2fe184280bd7999ad9dc04a97d694b855c3d7722e3b9132d6fb43d87
av-img_394.gif,64c18b8a2c7a721c96c6b9c07c4cce96,0c24e32f93ee3c30c4fbc7839eb701e07bd73a39feb3bafaf584d23e307f21fa
av-img_395.jpg,3e6d5bc092a226d2ac5d3d2323310f75,d00666e638ee2cc77a708cc426bd7f109f366b554c9476230545320c55f2c078
av-img_396.png,89dffd485d57cfd8be5cbffb4bfc948a,8efc6fd300b99821c3abbd89cf1aa6b98d36130b56cc1d2caf6dcd0206e3f2e9
av-img_397.jpg,374ce470a5464833ffa72962fe0792b6,d27a9c1cd75125b858d0edc9e3649debd700682949be28d638f839a57254924c
av-img_398.jpg,c91d35b95479cd32ddcfa8cea106bab8,33577f0e3c118c2b10f3979e9085e4a6567c78aad7075a37de51a5da8f6daff6
av-img_399.gif,b89edd94d519d73d3c329150d5936f89,bfaa1cd194ab0aede975697faf81ee68d6a0061e06ff346b7ce5f5eb992fc811
av-img_4.jpg,f7fd0a16d53729fe4129c45213f4bab1,04d2c0fb2f0af1e2b68c60728de0337a868bca9cf39c6c7d017bc4ed0e3bf4e4
av-img_40.jpg,8621c15abf2ac962b458a2b547229b12,368fe498ae95ea26a796c998c6b627a70e550c7b69fb748fa451ccef759eabb0
av-img_400.gif,94fdc8154fb1c049c4368a2c56e4d9ce,bdabb4952e14a4a700c9584c306ae05e1c5f6162b35c21151ab512d819a87d2c
av-img_401.gif,840003c8e6021679fc8cade2a8e4deff,d5a349010b145b666c780095d5458ce53bf0795f96b2a540860254c598ba790a
av-img_402.gif,797fa51d8e0958e2209d7dc52b19e289,1a9026493924b56ebdb8c17c67bc6c2d58eb0bce394cc0eeaa8d907b19bd6cc2
av-img_403.jpg,47403c03cf3b434dd6a608e8a0a8f968,0d6863e2c7372d647172193bdc6e9061d070f1fe0c9b4826050f64e72042eb75
av-img_404.gif,7cb57e4ff9ed191f7345a840dfd1b766,7ff3dad29d182b54278065175cf71612416e935f9604c4ddc5e74f5d8de92edd
av-img_405.gif,d7e69273a94eb0579fa8359fa4e49156,6fca54b645a717350b9fb2426bc1662a95062368b37eaeae13b310e35f1c4aeb
av-img_406.jpg,63c45a7e6ea8cb9bd77de672e065497f,9378d44292e922fbec350ae7401961ad0414ba91dafd08e7cc91a4f7dc1069d6
av-img_407.jpg,830394838b17c07d68d05497bf263240,038d2819b9e1ab7aaf213bb9b59d9c3893b4a96fbfc904649ab9314a03b35f8a
av-img_408.gif,41c7b02f4400596c4d794ef06e8ded96,bd3defffedc710d59ca8a9fcae70302cdfd4c7b4f03cae83ae7eb33e677c185c
av-img_409.gif,6148fd746e77e7264baa5ad2427d321e,3fc6549800d0b5142b7dea11b76653285f6a7825c09b2e909a4ff7102f5f006d
av-img_41.gif,3f88377bf7b655bb2c9bcff2e68dd309,147d786a587fec3c96bff25e4aa45bbed07705442daa31c55bb776d8d6be2f03
av-img_410.gif,973c9df056c5eb332215285fa33434ce,432959cd7ddb868992d52ce3a8d57a921edcc1d8a15a46f73eb09259feaad44f
av-img_411.gif,0378b30bd65b8fe050886946cf968f5d,ece0150d892ee126f777f9e6176e71b5741f352d80dd45c9aa278cb3b2315ff7
av-img_412.jpg,e39137613dc6b161ffa0ad4d44f7c80f,2e8b663e68edc32149c2629a9777f8afca64beaa05c674f4355173a547343ab8
av-img_413.gif,a9c0ff8390877e445b50557f32b30248,fce2960e748685a8cd2217669bad97867081e8690918cb16e3c647695b5000ce
av-img_414.jpg,5445ae560f1273ff8502b99ad1784151,57a99cedc22b8ee680943def1f30aaf909dd99436eba5cf06dcf76b8ba271665
av-img_415.gif,0f4213e353273ca982e7c28039fd43fc,411cf67a29957eb4e018b204b542d1850b514418b443531f791798876fd6dcdb
av-img_416.gif,bc6eee8675b2465340cafbc39cfba6c2,81b0fe2c59df96fea7b926b790f113e955dff4a6a3a620c8ec19c038f01f971c
av-img_417.jpg,b4a231a901c66279c6b570284befcf14,7a0700f976b39355399e76563cc3ef3457dd4eef3a57dc681c3fefd894c1fada
av-img_418.png,733c0cf5a88cb4edb1ed4416bbdcda22,517059fdeac3d1d0a1f13a7807d77fd854ae24d3342115016a02188f025f1732
av-img_419.gif,9f701aa8cc717f15df3c52d6ca21ed32,709f3ecf11c5c8d14e73ee2047bb4015de0c195a0b398edebf4fca955870390b
av-img_42.jpg,4ad9398341217686d486d2fca6b58aa9,2695c057c3616f799618786cc985d7651872d55a029c4d3d1bcf2b13401d556f
av-img_420.jpg,bc09749b0864b07ca8706d5b17181019,fd0027ba22412225c8ef623b0676c63f76314115b97d6e2e15aa3b17285d196f
av-img_421.gif,baa493d059a13baa3071763f951f736a,37cb1b1c9003c46baeeb71346e11a041eb20cd028c35a9fac1a71229d21b2fa2
av-img_422.gif,ad89c4e2ec7f63852fa29544b6b4e5d7,d5be6b26635504a364a8f6bd9cc820832f40fbb672597baa1402d5d18728b85f
av-img_423.gif,296df61055bc079abdbe6f770c5c5cfe,3ebd4c5784d12b330d1183aa7aa3635ade700e855f64a528db7d39d0e9e6e656
av-img_424.gif,133916ef9a6134a88a840469d92fd62a,d3096b1554015b5c7dec25cfa80161aa617f105d79c11f082a2dbc5807d16ec6
av-img_425.gif,67a6f5d57c870d0da618dc90e05445de,ac5eb0dea9e51c984b50e3ba4cb3c97b3263439ff4fccc1eee46aa262469724b
av-img_426.jpg,ed3a5932371e8f77c036e82b64dfafd0,de6546ac078a32a59a812b617f687b0c541cb45e2c4873c79302a221d5f93a56
av-img_427.jpg,eb7996a1a80e95a0b45eeb13b1265440,b66af3abf6120c5a758dc7fcf8098dedff36d82f9ce448d18d927e31a410ea45
av-img_428.jpg,9902544dc40badd55bcc82902da5d87c,1ae00598d13188ca795c47072f8375af786a858c2c31647afa4d243d63b0ffdb
av-img_429.gif,b08a5d2a7bd14f4d1f6e27bd8d9a5d6f,fbdc69c9dc7fcfd5266822f84a8301fc45a91b533f8d49b32f83593aac09e2af
av-img_43.jpg,d03fa266e4277aac5984e85f7ee6ae9b,997c80d5530f7dd9c82d1b72278a4096d0ee4c38b5e6ad844d798f65fe29875a
av-img_430.gif,e5dd483c6fb18ea9ef3b4e59866e3a15,a2afa6518ec0e4266dcb9a79017cf3b11e8b268cf78cf0003df7c0728852cbe6
av-img_431.jpg,a7c28ec34e37efecc7f49cb21dfdf9f8,8e19d7a9d920b00fb7cc4a780eb1135f032d6f3da326c4ad7a48b13f4339f7f6
av-img_432.gif,e5e031d9fdc0e7e54584507a0af28e3e,f6b97a3e3bc770c2b04aa96e9433524f491c0f15cc4dd2a182a5242f77c924ba
av-img_433.jpg,cf05ae29c6774c93271d4bd8698cdb47,c7f02bb9f280571981c0b58efb393fa516c305b7654ac0df177e015518252943
av-img_434.gif,6ab880973f511ca3800a46b2c7042492,992821e03d89b2c0428a6ce92bf45675153a4bd38467cf2e9d0b2783a91d3a5e
av-img_435.gif,025484efe966a8624f528b6f970a4ecb,5d80f6fb8d0b6c100fa06bef96e519cd1bfce6a562d1830a9d54feef59b9a965
av-img_436.png,26f99cc4641bff7a4e051fe18f788e9d,b35fe2f6e8187d793a3330ee25c5eb69a7758f71e98986d40d3e35f38ec76fb0
av-img_437.gif,2436ca5bd9cde1242aa735cf3e3be564,b2c3dcae4a29edffac036208ea290e594563e25d8a18579727d8e0621902929c
av-img_438.gif,a088f837e87853cfcb8dc69107d46532,3f165d8c1b126dc7154b23f0eac17b6b35a1da6011792ebe35470a6fb7b1d639
av-img_439.jpg,4fe7f1bfd4c83c095ec6569dc6bb2a9c,0976feddc240a7a466c6691b52f80cca662f7cf2f22c56f2e696c3d297b829c5
av-img_44.gif,1703dc18950894a6780cd9591bf81e87,87a68a2e2d078e22d7ab3c01ec61377e1840068f843d0f35cbd15320a1e09d9b
av-img_440.jpg,d1f564ab0ca51db5e11f971395e489f9,f4fa1735f239b71c458dc769d43ae02ab0df32f390e8fa8a0e82e58f5628dd8c
av-img_441.gif,7b53859da1d8d5c3a7ed2033f58e8813,19ce10ef4997f96270879293014a67db261995aa64fd32e37b4b572255252f46
av-img_442.jpg,4d228eaab4e587c16ae83e0cb4a17369,c20e41c14defff93bc2ef6c5a4d02647cf819ebe3d0258ff445bdf53f5e2a2cc
av-img_443.gif,4c03433fb8a6b31c74addb1a6acfff04,3a9a1c796ae45303c5aedbbb033a2c1a08bbf5bcf18c81b417adc5f35e31fbed
av-img_444.gif,ebd8a2c5a9d770e7a9d75a72ce384cfa,52e00e8c9e4db34b14d968837d01fde75e410625f757135868fe23b07c9f6243
av-img_445.gif,5a52a19ece5c65a7cca9cf5c4d0d16ff,f3d62640a37d11fd920a699cea78dd35f540ad542da7426c80d1f93f0fc4a81f
av-img_446.jpg,22ca6b56c6e5b7c183970aac841ae4ca,5fe1399ebc4369d10dd55a5da38dcb29357ec80383324fdb98714ae4ec610daf
av-img_447.jpg,b617fd069a66b977f5e4b0a2f609d41d,f8c86bd0b32741e040bc986e1e71002095b162ec422b4d5fe6969b6512dcbe9c
av-img_448.gif,fcd40b6fa3ac26817f8226030b70b509,65b2e9f31bb89cd3814a4c1b71f41bcf161a99027950625bf904e9b0af457bf0
av-img_449.gif,3495fb1201cdea699557f9ee198cd05c,815df7bf67ab2d2f5169410c2c06161b85ebde8f8f41c7aa0845841d5522b6ba
av-img_45.jpg,5d9f3bcd78d82e061c7cebda7b463a4b,19df81537644b78de63b5579579e1308a48eebebdce3b0b77488187df16f9b77
av-img_450.jpg,4ce75a7dbce2e9437e8bf75f5e489a03,59247a2200b88fdad0cce48bfc9e5cd80c914c3e913124a9ff13dbc5acd39f31
av-img_451.jpg,a66b9580ceb9f3e10ea9213f7c8ccb13,6bc919bd1c07ef1166d93aeee96cb61a0e7a566f7b8f68aefc7db384ecb9dc33
av-img_452.gif,db1b72df6b1e037b82597707736b251b,a0047d04d54fd43f08f42d5ae5e27cb356d6a857e724aac783d27d5ca7233737
av-img_453.jpg,e932aa8aeefefc89f51b3b39ccd1bb49,98f7785948efe42467b72dbed7c3b6adb723ce79c74af4dafa8f0bb640951f7f
av-img_454.gif,73cdec776bdf378a9eb2eedf8e43bdc0,f9caded5893659119d8e8478bef39f21890a7442f87a22ae5a11376ae50c1c33
av-img_455.gif,cb55e8e2a23d3726c7173b3005d885de,8dfabe9cb99910ea375929713231027f27b1bd6aaec547354e6c04870e4989f4
av-img_456.png,356dcfa692bbcdca0201dd189b226e8e,0d836eee4c4a9e2d51639b1cac0bb5cf07410a3379f57c291a7ea1b51fdfc579
av-img_457.gif,2629d107c7fbc178f1039152f3ed3622,8db420f82df9502cc89db5fdb0a00c01a380e13d49ebedac8d1383131338955f
av-img_458.gif,bf85faa95b38fe1df5aa16263444469d,cbadb3c7deda738be9786a17384d1e23e7085675a3fa71c4125b83615d494942
av-img_459.gif,51b586fd6709354c615f5d4ccf9d34cb,bb18993604549a2a3b812e1e2116db1f0f182a59a536bd7a2a6ba9f73a687e16
av-img_46.jpg,d278777e455bc309851caa9dd0f5df38,bfe5efeb9d120ad1efb25fc452236796a76b7d8082f9fac739e0c263f9553f1a
av-img_460.jpg,f5ca5228b1ea923865c7ac542bec60ea,ae6d34db933eb5b4fe26c0e075864d8fab7ae165b5edf175a2b79d13e0ffdce0
av-img_461.jpg,1d8e29133a390385ea346d3b0f3b2aec,d74a9f0120b3f6a28ff022d25c9622e1303106b4a0a656c52c30c66167755fab
av-img_462.jpg,b4e77cfea34b73cd605bf33ccc6288e7,a78e229d90ce5d9c1e48e69375762d3e1464f025e13afbbdbbd1d48801d3267c
av-img_463.gif,790d91ddab723e425a811ee8d407e1eb,247876e3978119dae1cfa0587fa49115e5cd83bf3d93a1b726e90f15b952aa2e
av-img_464.gif,7b0369e55dba6968c4124690e2a5491c,f2cb7f4a0a91228709f5a74732e20f26ec75a3735b26e44af2115b01b9ee820c
av-img_465.jpg,736c292d64a7d2d2b0aed02f0f514388,f22f886354bdb3948800112ab179bd84f4b628b4547f1ec2f78c03286fb623f4
av-img_466.jpg,5b70f3ddf968176a25bc440e2570f8a7,8190b31cebc605b25fc5488d26abeb70273402ea8036f2313df6d8cfb4612f53
av-img_467.gif,e3a66faab29335565675890a04075a3d,4c9f92f8e556270a320bb75980d49ced15503850530f42e4e10341d373b0dd9d
av-img_468.gif,97507ae094bcea8751c419993d45f822,5e03d8d232854718ff4e57c7aa2d2210e98b8f356aa5d96f356ea30cd6d61967
av-img_469.png,4f7dda93b596f7899858a411e1756ca2,4dd696ab3027faab0ce71b5e602c0250e13fd45c9902f142705e22b20735f687
av-img_47.gif,040eaa75a0be239960e286a0766be0ab,761199fa76e6edd4d5ca5ced68b6b0f1c40bb45ae3b98b08e2347e56286630b0
av-img_470.jpg,b94a77a46a11028a19d5e288a793b2d4,1ea481f1d68838dbc87db016031eccb7f72a953c52b431bd2601d3b1bda3d492
av-img_471.jpg,65caf6002f90137cc66f325a1b3965c7,1ec3a2942268f7d838f7f8b029a4042f1d5b02e31ed374f947f09dd2a095f341
av-img_472.jpg,a2ba8dfd6e65acd95fa849e8652020ca,a9489a3b252e90780bb15e97a9f3ca3325ed90a1deaff26c5d056f6839beb059
av-img_473.gif,12fcefdc63ca24456dcc02ac050b6b12,3c8f16cd36b584e23c6986f52669567f7c4884d7d5a1702f9f793e71d2575fa0
av-img_474.jpg,f4bd1741ca1b9fb8a0e0e67c42e17345,b8dffd71b3b246103a2493d0ffefff44bee461a9b4c777513028a3b811d898e3
av-img_475.jpg,cc873667dc270f4e300d6bcc9f9fe389,97490b24dd0c75211e7e284144886eda56a04706dfa9d4c8f49eac81a620ab66
av-img_476.jpg,7c2464afd9c8d70f0ba6069f3c73ac21,0dcd81ae36b7b7dadff3481a6a4cf83135013e1d47f1688c8c050dccbaff02bb
av-img_477.jpg,a0492c7c4684d049b9e34ffcc18165cf,3342e23651eb55af7d3c43dfb0e1df1235933b528beb8ea861b46277201e6a27
av-img_478.jpg,26fe710bf699266e48747c4b48fc1d5c,234073d91c7391eba1f4977cab61a25ab274af0ab35ca20b18c0db0b6a729f82
av-img_479.jpg,9e5a88e9bfbb1c6d74e5ed63f27b2dc3,c5ead20b3463961a594c27392a924f97fc8ff2652d3c9a817ac338dcbab3ae22
av-img_48.gif,121832aea415af72239c4d690d5c3960,36f3d53666e7888adb66cc832c43ee8b649cdafe2d5801fefdae2facf8f41ba9
av-img_480.jpg,8e47e867f761b3733e3ead7c6819d71b,aa4db3c475e492bf5a7976254b06b2cd5392af5a7a3ba64071150e21933af5ef
av-img_481.jpg,53c14ddecf75fff05ad84902ab9ccb80,e48a9caefdd5f52c62d5131e33d0c37d83b8022d824cdeefba1cfcffc56042c3
av-img_482.jpg,c3840b00497e3625a1c76e6fe501c57b,a397018179cedd7f63d001d292d386ef9b127c45a5c12048e6d7e57f0d61ae96
av-img_483.gif,1f8b12a0fd59cab794347e727f21444d,4f7a7aa9d326cf8df477ecc4deb0dbaa1e670d2b7a3a146e6cf61bdfa9923b72
av-img_484.jpg,c7546c97e8ba421a253ef0b4a67d4667,7f01d7389949d6848992f53671bbc89354d91ba5022fcc2f9052fbce5a468560
av-img_485.gif,f99ae33a5f5c76f94498dd658d788d93,75a3aa3bd8c54e9a3de9c0426a061540fb3b7c594a698535d4a1401ba661d387
av-img_486.jpg,740e673328f3e3cdb116618d3e964746,94595a82b5b28577106a2999993aa96bfa411223ee0c8c7a09427904d3292872
av-img_487.jpg,581f27c3868345a38278c614ff5047ce,e83fc22fb6af916273b56bf886fa7d6bf7994b1e6a0b6a38df25bf33d5bdebcf
av-img_488.jpg,8233d044a7eb8f15f4d8ca6a5bf5fb25,5b79d6bb163dca487795ad764cc1fdb798c49d8906368cd34e5e05d3b7b9af6a
av-img_489.jpg,09ab5b8e9fdd140be05f53bd73f9d264,d990ab08b1433b03f3e42067f58112fd0be33d255e226261bcc88e60b5c24170
av-img_49.jpg,104858676c84e7867324a256e86c0e5c,3bd14a7d525813786c15bbc7f59515d561364298658cc7ed8dcde83e79638f39
av-img_490.gif,e2b2b328579f73da366fecde24218535,e241cdf35a83e204ece2409917725399a6019afad6983d5b2424f17f2a067c55
av-img_491.jpg,884a56bec06889a24c868b073377deba,c70b31979e2759680bd429f2511e775ee728789cb526e735c665970d4b2d652c
av-img_492.jpg,703b9409d73349b24d6ca26e635fda50,4f7225c8a830e6038ed688c99a7d5acd5861802e6c920d85d4b1d7301fccfbfd
av-img_493.jpg,8dfb97ee1e5cf266e9d099327ba6ca7c,8d8c9c11eb47863aba5bcf48c4995346274d9fee962d721d0e9f8419c517a0cd
av-img_494.gif,eaf0571231a69cdbbef184e4953041a4,f384865ba30dba50724b3bd493a1e65973e6f075691cedbd5e54a927f46597df
av-img_495.jpg,e7336230dd483161217e31ee4469037b,2915bbc89bd2f794c04bcecb84f89bc080d56fe929a387dc1d2e8d851692cfcd
av-img_496.jpg,c24aa9c75d86ccac0ba33952ac358e92,c6ac061cb9fa54d13c4c9ab469d90f1ed15fb69b698fb132a163d50f99dd0bbf
av-img_497.jpg,ba8cd7ae6a91fee118592307e9646c86,fac27c75fe7d0155c814aef7c061b829c1740c6b17166a4f2ee29613f75411ec
av-img_498.jpg,72700631772401615755ad6f346d9861,201814523ffc54be6942892abe37a4bb1f70c7bf5c9399f20a9d4d075f678b84
av-img_499.jpg,326f12c0f6a80ff1d8b63be942b303bf,08deadf0809689f63360fe8423dda6decba4ec8bbb17ba34c8dfc886bd48453c
av-img_5.jpg,f557947978893ec56d579f752783bced,46ae2aba9f515a11794df69035d2e61333b91495eedec76a484fa279493718b5
av-img_50.jpg,2368885b8a346445ab3a752295fbde0c,d5a936dee026e6f958278692e1e777e398d0eeeaaf3185a638e618a8ee87b582
av-img_500.jpg,7c4ae0384a1e1e007bb8c9e860cbe11d,b3a37161a638a0f53a5dfe7b251eaf2518b2c66fcf94018ab378950dd580c9e3
av-img_501.jpg,9c78451c9d483190e572379b93a5899f,eae15684e226cdf56b6722485b64b2f6967e42a1ba6d1d77d15ea63d6ac7db93
av-img_502.jpg,48d7c692864efc8178eb48c4a86b8214,cd40bc41fab86f56b63263bfac8c6d248caf90fae26c4dbcc1edc62f19fed56f
av-img_503.jpg,3fe58f5293764c10fab2208291daf96c,a994b411d803fbf6ba9cdcedf5ea772dafe1faa3dd15f3c1592b381a48df88f5
av-img_504.jpg,51270f7133f56f9b72e57dee8c94a631,ae140b7d11b85979a90e993c55f75385e314d22ca903d5114367696ce1458fa7
av-img_505.gif,caceb46bcc1551fbb512114f1ae4a455,e8871f8b8e7298279d290c3408f488144bcd770a5c119121cb089600d70ad27a
av-img_506.jpg,9b07b5fc31a4bcc8676ed12a057a7971,76428b023cad8f7a818fa6838ebdbedf2f66daa114608d6acbb800ecfeae17c0
av-img_507.jpg,eb83e2e1de1593ea2f9699acf1cd3226,41cffe491a7197f238c74f64951b4ad375c9869b65aee2ccbe5a945de2c1adaf
av-img_508.gif,88c8bbdef3ad31fcdad9643d9ee3c5ca,a64acc198537acbbc309657452fcc4f3bf6564fe066fc41d87649101f09404a8
av-img_509.jpg,846650ce738ecc5b63c6078f9696a056,cee2f501910c1ec1855c0c90b4088acf83a99c3345e88c41a225e942da920f8c
av-img_51.jpg,cf7b2f7409f1b5b3ddc6dddb4e892b47,de36b4774c895bd5b9435e53851d2e0ef41c34de554fcf531e5c1103a7965bd9
av-img_510.jpg,e0de485b6f0a2fe090a8c0fc74c80543,0fbde8939870ef1330c0df5d5d77eec2985733b5ec2c8d1efdd78166dcd9e069
av-img_511.jpg,26e7ddfbb17b1f915baddea68cb802f9,9f30bb1ed4a9f0929d2939c66d37cc158cde085997d4faaaf288e1a824f015b6
av-img_512.jpg,0c07e0dc5478b445f960aea922772401,0eb85044b44d502fca78457d75e1f98ab83b07f42b6cbc735c8835ce6305d03e
av-img_513.jpg,f5e400c122e90a55f665ffc53510808a,6768ee5b172c3047ea70d313e9c991070afa11927491a44362820b2c159a2fcc
av-img_514.jpg,e6615ce1cc614de1ca93dc0f446d1333,2de1e664e69f334b4691214a29ddc8411fd9f4ef0c9678f071e764eaf4ffa844
av-img_515.jpg,b4c217cc9160c4f4a80de1ee53f079a1,097e0436ed9000b052fc0144d17ed7854edba3a444ec4ca1572c62e5de78fe8f
av-img_516.jpg,85ca98e627fb1c3d0af5b020071261db,19f5eb6d8f315636b4b215d34339d7861202cc8b60bbdfa4798c1e1b76b3f42b
av-img_517.jpg,c4da0f990ece89464f29aa080c65ba71,5b2f26b326c44e04639fc5dca1ba201dc3b26f0ace5aee018b4a6a242c47d387
av-img_518.jpg,47a2d7196d8c6d9a3af641a8e2080f93,18754fde3f1af6b72066f9f3b86714b8f2bc40e57aac99945f217a1d447b4ae1
av-img_519.jpg,c46d7b31069c2bd69553135826ed31e7,e276e3987c1a5b031128540053ffa9116a81d3395c0378bfc8be749e50735f26
av-img_52.jpg,6c6ed4fca331a7b556a6534291b04ea2,d8680847d01fac3248afe52728b5b8a9e2526c55ec4440824d422ba00ab1ad2c
av-img_520.jpg,a59bac42bc48bcd61075a2161b3096aa,87775675370edfbceb87ec5209b770e9b1ccebd711d368b908b4367743144190
av-img_521.jpg,6c88deee4a69cddf431dccd687ea1ec2,05a5ce64797f36edfc58b325b9bb749b550a27b5d3830f459258b9090283bdb8
av-img_522.jpg,e66060f679698ab50e07e84eaf12d5f7,bb5b2ed4c52472f266cd7d6cb67bcee1dfad43db7380edbc60d05d7a562f44ec
av-img_523.jpg,cdd5beebae1cc0b6286aa2abab3f6a78,6607854bd82def345b0a0f7a13ea77035e57864d02b3d361cc5c5178df1262e4
av-img_524.jpg,18390e0306fa3718f94b2a7f7fbebec6,2aca85f42dfd2cf27c61a3372c587d9051c75fbc18a5ece00fd070fcfb161555
av-img_525.jpg,eb066eba712f8b2b1a2f9484c4153eb2,215d715e96bc39af08a7a25ee24a80686bbdc1c26f2c0e42208912bb048e1bbc
av-img_526.gif,e9dc63282677107b1b85dceda9434065,87120a7c01f13c93cf1786df5074a333d3399c21c4b41e90c6c82c29720e9935
av-img_527.jpg,6a6fa98700b6fc1e08c3515804e03a6f,78183a3d35db9b5f194a17c9d18dc43e48176127a202887d149c12ed511126a1
av-img_528.jpg,d8c0fa76c893b8decc99210675b46e22,a3f4fcf95a1e380479ac8cdb9e4b703f95dcf39a1e225e0c0cdbfaf835d0a89d
av-img_529.gif,5e13eb7b6302a58a7431495ff8f2c26c,5ab4e34ce19d596f350ca174ea51079d738621e3811b1246677ed8b0fbfd66b4
av-img_53.jpg,da20304e6ca23bf7ed662a42ea0e6739,599eb65ab7c762d346f128d954fec53383a31038c4d8b22a7933fd22dbf94eba
av-img_530.gif,bbf596b2de4161c3c297ce0be9c81cce,6440b92944f5d598deba7481f0a090934035d945468d884e7393c73c9919f85b
av-img_531.jpg,3c0ee2ef3f455247b6fd3de0b172f141,9799d3f92bc39ca0dc3dea4b5dfd1bdbf90ad38ef3230694074825bfbedf8de7
av-img_532.jpg,8579f052eb9d35e1df0dc9314567e53e,4d3f85d44ad9b932a93ab578cddf5b47674923d4feaddfb15fbcc662d189bbd0
av-img_533.jpg,1d56b5780c82b7343d603378f535d1a8,ab07a858b76f84fa612336e04e0d44c30dfff1167ca7be6a0b484165cacf4f8d
av-img_534.jpg,322e575e486329f0c819ba43aae72256,b0330722061693d49b9b4b9916fe9c32c65bc75e281a9a37814c5e7c9cd3dd20
av-img_535.gif,bd0238ad7d22a89198e131fc1ea143e8,46c261348361c9d26fa0797327b77721c0726f001a1df9360391c4165c88a29b
av-img_536.jpg,5c000af317ccfee4548ad3dd642f8340,31bb223170d0500fd96f3f0f6c97248fdf144ca91d2d95d31c1420585b5b9943
av-img_537.jpg,fb498d7a0c1504e4619d77a6c5b35cd7,38dc3f3185301115b44cd6c44a9f387317162a3a6fdc42d94744a6bfd601c431
av-img_538.jpg,c796bb7c63a0fc2b24a1e0e2a29525a0,b0b80f901a9bc7ece6976bbfb6edd047d368cbf1e96d9d4c6dd875de3473ef0a
av-img_539.jpg,e859b61591305cbe9ccc24e7ae7d9d8a,f69690f962e824d1795870f8137ee2776b29e53c7c81f26e62c6a11a52a0ad8b
av-img_54.jpg,78a736d52105925c01e57075e1b08fe9,cc69fcc03d285d3c1df26f9f854a3cb2700e0ae6047be853188e340127bb624b
av-img_540.jpg,da3993deb75aa88ce1d523420b81cd36,8a17f652670a38fb4d444dd37a58c833e28c3cea8b2c4b4b2c43ca6097a523ad
av-img_541.gif,078955c78b475154bfc26ff3f8118ddc,e19389c470e4518e2ce75813f6e64e53892b81e5c56467150acbd7e159f84146
av-img_542.jpg,d5adaf3e16c7e3c0bbb60de1827c3933,9587d3015b1e572b4842a9dae45d738a2925e057242f21275bbd3a4902006ce1
av-img_543.gif,7c2ad9b00e18e330f40a37f35ca4ba86,b7688ea25900e90cb5922d38212c836cc1f637d59fa0006ef36e3e1c7ad783a6
av-img_544.jpg,08295ffa7c68557d4c0ab897295f0ea7,0607cc9d5c34b77033d48e241f3dddd9bc3a039a7808b54ece0c9e44ae2ffe1d
av-img_545.jpg,355edba2ce8bcfe535d190dddf150fb0,f06bf44ea30d3a67b8747af66ef1b34f9d746bfd08a42348aa2d4cba8ab9b8f3
av-img_546.jpg,d7a795c0fbc683e8bc9aa89a16f5d642,6babee9d3ec9bf0f98ca98b230b738e135a2cb60b016e853ab59103520011f22
av-img_547.jpg,be0826bcec229f71cd8a8a46ec19406e,c5c3c71b603d5ac438cb560b6517493358523fba2a3653b0cdd4afd32672ba98
av-img_548.jpg,ca2f9ce8a18c874faaa4ba6afd4d98f4,6a90f6d542d908b0bc658ea32316dc701cadbdd5b4d122af2458a61f8be857f0
av-img_549.jpg,28a01687ec8b97144d4c3b5b82e7d0fc,2f497026b67b1bde10441fd2834bff2f6c6f2d9b1525ee25dc9fc6d59b52b886
av-img_55.jpg,da2e43281686fc8b5fed19fcafbd3518,ffdb8b0e3b4f39c6601f5d0163673a0d4ae14bd1653af4827550e9cbd4ceb7c4
av-img_550.gif,5ca5731988d8904376168b6f6b6dac29,b4d23baabcb8f3c709f00c030dd108d8b097af1dacdbf319fa7a1be1c33705ad
av-img_551.gif,dcad935816371e4a7674c023de49b545,166beca085914c8440a600aa4dddb1291c90cea6b22d101c7fa5618d2c4b4969
av-img_552.jpg,bcab1fca1aba22049e65082b70ad79e8,dc5a444c38f191495cba36c96411f59ea724fdc34ab103e9693fb8b3d817adcc
av-img_553.jpg,b9e4e269c7a0c2e0e8a9c91625b98bf1,22b5d09dbbb6213621c1b88993132acd90755853d1a3b401905da10e576b6971
av-img_554.jpg,cdd0452d8337e300b5af6763d8c681cd,8b6c4278d95ec794e89b95e25eac7e3cba206ee8687346ce13302e9ab66ab463
av-img_555.jpg,93eb3bcf0982833131da805bba9bb31b,7845be0d857156cd1e21aea4693b5a03ecda965b4f7e9d3ca11a70fdeb134e42
av-img_556.jpg,7a90acdb86caadf5b65e4153eaf1aa89,4c940ed80de82aa0b2ca59797b679456274d99695c1dbb5fb6138d2d5d68d383
av-img_557.jpg,377ba8bf39bb1ed005ea99602068d272,172a272a6d03500646f0a17dd0f5014b9f0cf5a1a6311a481bfc861af21eac25
av-img_558.jpg,1bbab6479df79eafe372ca2e3f51f802,a2c2a404df786ea7fe22cc17ad851a5bd40e44e9d2fbcc600aa8a803b35bbbdf
av-img_559.gif,0e2e075239d3c5b2d5f4dcd0f9969cd3,873c0aa74ed44234bf20887e5877d1857ccda57e66b2d1e96f5dc92fc3a0363e
av-img_56.jpg,a1c43dea1b9c9b50336c3a1e7937a6e7,bb191fb9bbd1334ba6ea4ad3be508415edd5dbe81f939f931384b64006f5fc12
av-img_560.jpg,5a4d90c668279eb5aa102d9dadc8df17,ada70a7981115c9899de398b85267e9de165a23bad5aecf4f96cbda7389be450
av-img_561.jpg,0d47f0aee4287f92825c2eab8463fe6e,a523fb4cabdc73f6a83d245d7cdc740e3406e4fe1f5e43358f2715ac2260d5db
av-img_562.jpg,8b20e7c5754c0f5d01b292ccee0a8d19,5b97152a5a1b0db55c9b3bda95cef6facac063d7a2b747c281b6301e2d7c97d3
av-img_563.jpg,6c616b88a1a7858f74fb4f2c02e1843f,bdb924aa9858488b61cce2b263e3ff4b1f61f2f2b30e8577437a3b8a2fe6c9ec
av-img_564.jpg,5523a2953eff50c21f388880516121a3,0721ea1a5827b41b30a46f5335fecc78c96ce1cd4d6db6c6486127d9cd9f22cc
av-img_565.jpg,0e6295d6c58c7e8c8e88ebd3514990e4,93b33d1d4778311757a02d019f38aaa98dc2ea78c1c79e34b6040af91b5e67ca
av-img_566.jpg,d7ebc757419aade81f87345f900fd6ba,07a1069a1727089b3a37c96862237b8a29479419028e62b1c6e03a723b4cc9da
av-img_567.jpg,02f15e1809a590e565edde2e34227c3d,8f1d2b84d95c00fc79796b48b639a41ef3590f9ad7a5cfc303564b531d9e8870
av-img_568.jpg,232c70704a9e27b0e7388ba635af59ba,6b99395591cba7aca35e73afaf1b940d71eff019416dded5a1e435b159370d4e
av-img_569.jpg,35b1d4185a87e89d6c3c1a9578cb8a6c,594b7535586cbbe7d053089e04afc89930dbf030773bf3d49e01d8a003202d67
av-img_57.jpg,7509c7a85ebd9dd36c51c9a41da1c9c4,16e831479265abffb4230ff458a53f7425b6096f02c8620582784c58379b2a45
av-img_570.jpg,8777635fe648b0652cae904f94b166e5,70f69825ece0d3235e8b14f2ca53d25ca54430485756ec67a7ff72a541e426f4
av-img_571.db,24ed3f8c6ecf87cb0be45eccd726c68c,97278a63f2f93373918c5947c60c599896d26298a03ad3ae5309296332e33c58
av-img_572.jpg,30fcb1b7182335518de1ad1ce7b1c093,6108fc0d0bd6036fae500800c2f049cc003022127bb56d5113283be64dc503f8
av-img_573.jpg,9c22951b69d83bcaaab1ce955629bedd,9567d62bc411418cb68090ac3ff0436bf9254637879c92a2862fa6baaf95c48d
av-img_574.jpg,c74eda1d02d06042284b6302e3a49956,448c1aee7027b81cce29a3d4956432019a29321f8d0c4dc80d999fa9f6f14f19
av-img_575.jpg,c8267c60a9b8fa621e74da5ade3be69c,3accc79c985c746a382fef8eb798b2ed16f8c141a667a71bd7e169a3cac075fd
av-img_576.jpg,3d640389f0223f69561544e99c39a9b8,cb8bb36d1512227e9515950114798355bef370278e3b1e0ccd02922128916108
av-img_577.jpg,d6d03cab84f5ca41180ab3da8a59f673,2173b59a9912c390fd5210542ea872c37c7b0f14115f76a5a24a14d2281ea711
av-img_578.jpg,b18f5705730d47afa1ba852dbeeac7d2,b394d9ec8a4c5df0a451e77578bcacbcb799ecc25103f023cae25e6bda1b8c2e
av-img_579.jpg,bdb871d2fe7841b3c88a53a662369525,1a822c0552eeb0fa9e52040e4dea2c33f4ad3c9f599e78bcd13a1e6bf293de49
av-img_58.jpg,a0f1e6c963c853c47d984f8189397fae,3df395d97a771f9f510f7b88f5aeb88db206fa24792c2de92d721849f03c113c
av-img_580.jpg,7084b06243415686ced356d3e402ed13,96ca7526f1a061a5069c660761edfd53d110e29876898c9ad6f72bb788d9bfb3
av-img_581.jpg,d5f40b49e1082ab8cab7fe0616d0c127,494491a03a6f4c8d7d5226da9e244ef41dee9e20bc822d9285c4ed4c0cddbe60
av-img_582.gif,72ec4ec4d528412753e768607328b39c,e62588ed481a64b15bb2d1954303dd64e3dfea642997ddf59172f070b19b1f19
av-img_583.jpg,08bf48b69030b55a0ffa752bcc04b4fd,7582e29d0434730b7be07c8c24fec8bb75bcbd8863dcb00eed3c2873697f2e4b
av-img_584.jpg,e5e594ec99441f48bd1a67c8430edcd0,20c26be45e402d738e9e23d33ecb83704bb5e2ffb10589c7a1de132b0e2038c5
av-img_585.jpg,00b98829a854a4df09301c23089c718b,8f4171461564fc640e05dcb4d474d7631ccd4d3dbb5f82c3aaa175fa4837f001
av-img_586.jpg,4397834ee47cc496c9b22e4b84fb6ca5,6d9617b79e8a404f7c7f3ef025a8a7f87c916c8c8a7fc62c4a813695c84f6725
av-img_587.jpg,f03723ef9f211ae9272c02f3f56fb470,7085c038dfe23b56d20ba57bd5281c9c76d1184f6296567e9f5703a91cc2f75e
av-img_588.jpg,4d76cf4f6c5b9613adff1f79d8f1268e,bb84ea3e79b6b1d6124552ac939489c8df97e86ab8bca9eec237f0f4bef75092
av-img_589.jpg,dd0fa585455f00e4dcdc8f6c2369155d,8877b0a0648801c30db19b1ecfe379e3c441ed471f8b190385962c8d463a2c13
av-img_59.jpg,c78e60ff92ebed388272ce1028ace796,8d6acef8ad5908fc69b536e195531a800b45166653e8d34b8378bc1d498e8c10
av-img_590.jpg,b0ee75a99abbb53bb64c9304be3d672c,5a4b0e545a28c983df1d9505af5b353909a3dad458cec23799204899687b3864
av-img_591.jpg,46e474ee29bd90fd89240cdbc79e8038,4977248f47344fffba85f81f50d32759fd17c2f7994af02e1b0c21dbcc0662c7
av-img_592.jpg,a1f2e63dc2b019c3f601973b9819414b,bc250cff290e007a86a025d93df68e3c4dd12f99a81c105c0d4128cd7a5610cb
av-img_593.jpg,d9df546f8902342ae1666a9e9758504a,4cc2ecfbf8262e7237269c84f628d8b33e49291741f9b9d648fdc66d4106c436
av-img_594.jpg,2877e8ad78bcaae11262df8ecfa34f4e,e05da66c09f2ed776296cc5982c1a5ff1033b6aa8408997644a27408aaba0a81
av-img_595.jpg,081a12d1926b6d0267378bb643297f13,9fa56a72016edf8a49ed453391b74678b95a0601dfd3eb11e903d365baef3428
av-img_596.jpg,79f6910acd4be6aae50d995b4683b60a,16c59ef1900b17cfd05557b61144d4705ae03cd44f0497932db6e8249cb39341
av-img_597.jpg,41e755beda5592315f42bb8e0380962d,ad4846ed6d4d375c5fa8cccf6651431c33e5dd7fad15fe729f5ecca5e94e2a5c
av-img_598.jpg,6c6d53d6305003d2a3e61dcd581852a2,08300b947c5313b74b38e1affb8ec85b5c92fd7ee359643a4688ef7f892e7c9b
av-img_599.jpg,a374455de33b2f41611a3733b4cdc15c,1bec9a4b83ddf56785d515bddc1f5149b6ea6b5c4aebd927c36f7311f93915a9
av-img_6.jpg,8a5c0aeeeacdcf01b5809fd9f631b722,6821814c8915c7023452a30cd827eab330af53efd93e5d1ea4df06b1ebf07334
av-img_60.jpg,c7ec02deffbec38091008a757fd5352a,ceeb8140ccc3902e1f940a9034bd94a2c07fd96a9086ae23d8fccee0b2905944
av-img_600.jpg,1dc5d3f2a1efb52f07b65045463a32b0,c5c081fbee61320d60c942efa87dcda68d321487698c8ea04fbc5cd00ebcadb3
av-img_601.jpg,2b6d8434d96f6806908e4a88f0991c1f,872e3812bf69ff5026e09bdfb0f78789ec0a176158a4222a1d5d5f859c77d118
av-img_602.jpg,e539361c17542f50a6e0afa036f3eb09,17bee5ff2f2b064cb8e8323bf3061c0704b5540499e5d1d109c66f5874460c35
av-img_603.jpg,c3b62b542409ca441b9054ca11383e67,33c8c93edc63ffe60203441c96a04cc0e8458e95c0f21f381d07d58747f693fc
av-img_604.gif,181a44c31f7fba850655fc2558656b75,c564879ae8939b8169d7869b4c2e37d3629f1b4f8d9bdb79b9c1a652b9b11c72
av-img_605.jpg,c86f3a6c951625689f83b8902eab4c57,f88c0e1b055498217a31d36a97552fc37f41cb51eb7947b58b1579596c51a2a8
av-img_606.gif,c808c3f4c692d74a85b72e187b9ab52f,1f07da671ed6620664e0c642e22b17aff5ea4b1794ef0be495f576d62db17ab1
av-img_607.jpg,aaf94ee48b254155c799050f418e076f,f3c2dffbef022e6750ed656aab48a569ddf5c9be002a2b74209daef000bd01fd
av-img_608.jpg,0325e63c21a3e382ff4199bce8581317,db7e5cfa2f1ae0803843afbdbd2375331f2e5feebd0c16cb5eba72447ea67df2
av-img_609.jpg,a74dce18a26a02d40c5bd70bc3fe2a49,2f8763a4796bb137042093be6220929b1e9f6c5310dd7c80b7ce5395d1afa546
av-img_61.jpg,4f34fdd8d4476f14d6e5d66170c95d39,9b83092b2aee25f1b6dd147163d3ac39c2a28712af87f42486cfa7511549d08f
av-img_610.jpg,f2af3ce5763cf187d330ab7f707d14bc,414561dceb716f2eac0bb0519a4b92cd3d0b6369656194e506979ba62e011acc
av-img_611.jpg,125f9112b08eaee12b0a41e789681af4,d2986b94caec36c0a0d7a6e204afc2f192d29de7200b01a095b2bf7f21f46aee
av-img_612.jpg,f70334fdf11a13bdc39ce59a163df8ad,158e73440cf48ea95e6f878949c26ba8fb8d7ac78a3dfab182989d69e7f45814
av-img_613.jpg,1445c613ba80c73d0c258735af190fba,c6f1ee296d0f3ed0727eac5fed06cd9a7a92c8effafc34126ce30a24d4a5ed4e
av-img_614.jpg,2fe032b9b450508f4eaafa04b5be1542,a22478d5d05bfc93c5c806ca4cf677439c65e25b09e16a033e7322f50bc2aec6
av-img_615.jpg,d7d655fdb6520f29e83be343a6b5cbd9,4c6965f1d4307217e773b8505a21008fd8da31655fd1fb9707539631eb384946
av-img_616.gif,89e90f3ad04f8fcf7037a74fb8764b80,ff31f463b7e87d9938ca1aba3c8ddf178e49ab9098c7fc92153d5ac39bc60d9c
av-img_617.jpg,96e7da1e73be66a5856eb76648be3215,315027e3eadcafac5ae3fbb9820ef6c7a0cbae929c86cc8c53edba4b29294de8
av-img_618.jpg,5589b9d9dd5ef9e66c5df140b0efb0fe,af4ec0339c471cb9f9b4fa5d7ae756b82a3479ce933568b7d2e869f51d95644e
av-img_619.jpg,8df4490c912d49ed2bba3ad781947372,1561a0e4fd5f198615f5f3042bb5234b6515c8ddf5e8f755593f57d61c61ee75
av-img_62.jpg,2b21c4c155074a02ca610415c691d7cb,7f016446a43fcbf3fbad1506a9958afd02959adbcc8be638db9d2f8e920a3807
av-img_620.jpg,a68edf40c165e0797204e0062e38e3eb,cf94ccc841a29dfa5fb3a4c7229e276e388740fcffe0805b945538fe01932ec7
av-img_621.jpg,59d6571b857432a031c6d421545e7354,c535040c0e4ab7748b6cdfc45155b9449cfcdfd86733b098593762c80a846a65
av-img_622.jpg,9c841e2f2fa75726d2a2fcc38049a82a,de2dd623fd9f185b0d4042a0cf72cf456d351e900755eee9882e5e71708c8ce3
av-img_623.jpg,cc4dfb15f77fd827ef53ad166233d416,dfaeb0e243aa3d8fcb657ac40660fe132bf26946dd70094332cba2bd0cf0980d
av-img_624.jpg,d4e8c6ef92957dc7f4501db3f3a00995,c43ae68badfa39f72244e88ee57362a7a446dfffe59a3a015ee0a16d40af3bb1
av-img_625.jpg,bce44a051bbfca3773fc5e553be0d57e,af6df907f0e5e68cdf23f2f93d432bca68c119587f9088f4052ef482fcd42fb6
av-img_626.jpg,ae8204588966ba33f77624e174e0be92,7f205bcacef9aed4362e2f90ffdbe1c8fbccc09c9eab6995c62784f049d0021b
av-img_627.jpg,ea27ae0a574a0e79f2eacdf4d577f957,6c217a1497acd2f945211651eb688535a1bfc8c742e172ea2082958a926738eb
av-img_628.jpg,04eeadece38ef324e6ad6359d1857e55,1e658fdd82b79e56acfc2013d77e02bf15a5530509247f2ed19bdcc04cd32c62
av-img_629.jpg,903a924c6507f79eb9081a26b2758db9,8934a7a9d1073b4dc2def79c10ef0ec839039bbef1b53b7d917afa2a20f1b32e
av-img_63.jpg,4e26d306fe0ff588cd20b1048bf7a91a,3c69eac304afcc61c2ec95a8ece704c83eb24bf425be516334bd1c0c7b8d0cd1
av-img_630.jpg,40fd026245111ab0a5aa831f64eb6ee1,d509da2dc06ad02c3e0379525ead4e1cabcf925a83623417711d4a0b91d6a508
av-img_631.gif,3098271f98d09364f4c22bf512bb2d89,464aefd73bf0b53915540f05cd84af15b0bef1cd266a9026e780c03de42c6a9c
av-img_632.gif,c06dbfce4d5824d85e7c15071ab069c6,5425029e45d97f7591ce5458643ff193374b0e4cb6f431274f3cef895709012f
av-img_633.jpg,78655e54bfa977c4e2b2e22548f0d604,53038c00a61e6cef2edd9e2a34e530d9ac34a42f5a9fc44d545202b3d8576154
av-img_634.jpg,8e44b7e2d7d5aff586476d21a9288da1,4d60be72c730e60ee3f15c884ac979ee92e3b175bba54b8027cddc781f948319
av-img_635.jpg,239647d5aebcc3a0c80a409e034a18ea,2e2fac2c2c264d56fedad67394547a2be4c3f3bead3709ce03dd34812fce6c04
av-img_636.jpg,d76c1488ffb93d8573171211a5ba262c,2de10351b25ed9712306336d91ef2f051fb51117bb162152bab5cab334be357d
av-img_637.jpg,28d91242c82fa714ccbd168957e49766,9b4dd327b92bf50198e9199ef01ea286d582b24df5a4d7cd1940deb47c289526
av-img_638.jpg,cfc3105d97f8c33990654ffdd876f264,78598897649b1ded8bacd5e84862c9afa3c0f60437378b7df686fd516cf05a9e
av-img_639.jpg,ebc6e0e95ed51c7210aa7d43bc86cb09,4240c48dab5a1fda2e286cb5c78705c6195ade9d3acdd7b34d379acd14bc4c0a
av-img_64.jpg,87ce241bdeec10075411ba439b7a8465,01c4c9c855447d01a700f5cc119dbcfc50cd39b4f74bae4a103527c8a109dee5
av-img_640.jpg,ad4f54fbd07f9f114e10d20543c58953,aa79a821e3af12b0c98a4b4c986edff2d93307be43c2aba376e1ef7533aa16c0
av-img_641.jpg,93c4fe7c9ba5884a30713e7cc73185f7,b81d3f5dcdbdd1f86d921823789837b0da91c0e54b1ba54287c10cbe53f4b8eb
av-img_642.jpg,287203c5293dfb3a38d0e3ec43e63dfa,41dbcb0736a0cc2f0b6dbfa1655421f745399f6957e9422592192ed7f2d32261
av-img_643.jpg,d6b8f521f42eacdc159cf377efd3209c,adcf365518cf099336e5c497cb50715be7b936b9c3c0d7d5059b3a54d0069e51
av-img_644.gif,d9c2ce6f560d5fe975abc1375ee49451,8050aa5c9d902a23cd30f0af2eb68b613635b64cb8d5c9adbf35779b46580c65
av-img_645.jpg,766202af6b237b9dce37dff687ff9cae,90c9a8ea26ec2cdb4280b8fe9a2b66909f733aa043765e3079784ab29fc3d5e3
av-img_646.jpg,0cb0b390c81a47eb908efff5a72496b1,c0154296bb6511ad662ddf824be89c0f0af06349c35176b73d617796dd1743db
av-img_647.jpg,3fd77dc233f07396d18f4c135333746c,54f937ca2b2c94f4f6c2468eba99245b73a5471c47b6e278bfb9efbd50fa5ae8
av-img_648.gif,d8453b6ff5674e10a14e825cd8e083b8,d4d0657c4af103c9beabf031f2ae3b5871f00de1f5d70bd14cf385f24447da69
av-img_649.jpg,6aaa77411a5f7f49f1bb35bc2823c664,64a35519563c69be7dd9b5a549b16aa29b672b97ffb4cfabe44f2e5a177105f4
av-img_65.jpg,de09249f976b65c45254484435e03d9f,611a20731d3da201ac285fd27c0594382394c2bb78f469da6358d68115678875
av-img_650.jpg,97f08e81911aa771fe2411c7c42ab498,a2ca3882446cf75db4793a18c4d3ff9dc47b7e0286c98d172d54aa9a65fd1518
av-img_651.gif,e2452fafc9078feee18942fa41ccd980,c4b30d2aceb461537d1bdda1a8e6428877140b8a7a43d0a5c74388ac5bfacd16
av-img_652.jpg,2e1511a88565e0d244c89ad7636d63a3,bfe09db3e4792394cb730ecd3ad435c5c4fba4d87eb859dd2eed768286cfe66d
av-img_653.jpg,3daa86b3ddf601de4094ec413e2e9a05,f90b3733252b348c947ce0ddaa8e9ffa55a7c6510098fdc912f7ed968d365ee5
av-img_654.jpg,df3ebe7d5213583b0ed17775b666fd61,3c6dacc2a1bed279f9e1db447c7880b9c261536dcfffab55e46f86a15a0e6052
av-img_655.jpg,854f5bb430b58b6640c8cc8b3770af9d,fee9b4f6245e86c180e3a885cdcf258149363d53f8ed20d34c3f20a548a5e7aa
av-img_656.jpg,7af688022da020d978f426621dcdd946,f7eb8040889d99aad41ce2956a3794f692af13fa58d225b6716ff878d66db5b2
av-img_657.jpg,860da05fb700e619f2586cb41383061c,17368f71127eb7f73400ae8b9b45b1d7414ee95fdcc950348293135da33a3f8e
av-img_658.jpg,ae696265ae562177cdf191abc00df648,e90a17585966d912671d9a3ab2c168389d61035a709cfcd957bcc3005489a6d4
av-img_659.jpg,7984070b6be362c4e2762822713700c6,dd8aa35743e633a2524fe53ba55ed2bddc6c57b55cac6e6dea62a7e2a894683e
av-img_66.jpg,25598770777ef9216582fcfdd5612633,afc02667e070ea8d65abd515cc172a679ec6bc182454eb3cf33827a1dc123178
av-img_660.jpg,4b89772f66dd02bc2cb25e193c960394,1c182b10a16c4cabb546632ee8ef588aafc1a4bec1a71616e41d8ed5c39040e3
av-img_661.jpg,feb92efb2075896a6041eab88c91dd7d,d6b6e965214ec53500130b0b2bf41c0c47064ab8c843cf591407787cd98987ed
av-img_662.gif,f6b9e508f33fd897a16d9fae6d225827,a02ed8196bb9b8139ad19c085bc117cbe43093930a2fc41b623d663ceee256d1
av-img_663.jpg,65cb2a182bd949e805e3f8580e30d83e,5328453cc7131d8cf4cfd4bfd950ad034f49dca21ece37999fef8d1aeaf8b539
av-img_664.jpg,0d3704bba668cfacb6a10d4c546e423e,b2870a9d315a3e0d978279e7be45a18d15d8fe214364591617182ed0bd4947be
av-img_665.jpg,90ded4c0e21a2e6cafb85457dcad473d,f2839e26499cb0de6870a63d6c5c94b43878fad2675a4771b11c56a307f1fc5a
av-img_666.jpg,63df1f398cc27f335fdc051b0bcec3ef,af14e7c08fc04eb629ef9901893823cbeb74431c930cd725dc63d6f2f34ec052
av-img_667.jpg,ad2d5d323a31bf3f0a6a5f2ecf30942e,910ab4018074863ec3ee2d97a75e5a0ae5c7ec5cbf773b8c58702bbc250a6ffd
av-img_668.jpg,3d02334279b9b4e27dff55203c5a5493,ee1a6ce40ac8b359cd7294e9ead8519a89b71cdcd3ca7be235147acd2a483f8a
av-img_669.jpg,0b0f14e942110b7b0148359cb3ce5f08,f007e7e67ce627b687914f5c3b7f7fd80e5aac97185d32f0c9b87287fc127426
av-img_67.jpg,6dd0e33b4096e3b28a85381e3e179cd2,1b80ea4fe491c30161279b5fc1838b76da43eb11a03cca7f5ed8c49cd28ec81c
av-img_670.jpg,5c1859cc8dc2ff124c09f9fca1a950e6,563b19662cec0f6975ddf9cd478c2b27b9c985756736e1ccf5720ff989a308bb
av-img_671.jpg,2f14e552dbde50ebc981ba236e02881c,ecd8005b291c6296b898e4ffe94a6c6b6f98a8c594af63ad1b99e5fa5b18efef
av-img_672.jpg,15493ed1fcd9cd0589b52afdb93a01fe,eb290cd0081849d21fc519f8289f6f52c0c590ad0fde0f4c3b32c5af67d1c8ee
av-img_673.jpg,74ef77dc267a0de2f92bbd9780adb436,9ff8f69955072014ff9eaa8629f0e2b10470c2f72ad806610cf33f5390effd69
av-img_674.jpg,30a4ec475cf1e3bdc4f165d64048d970,b8c5fd035752222b0e5c4d34ddbc51dfc72a6935acb550c0b2b7aa9956219353
av-img_675.jpg,932126d0b055e106aa30043f33741407,2e59ebd8774be3ad6360135894c236519401e095260cc7d91e4f79b01ecc3b9c
av-img_676.jpg,91b58b0aaa2185a8344b4d76d4eb3f0c,1f0227bb2eebbe69fb5a38231b83634c133b7dc6176cc86a26e954379b8be07d
av-img_677.jpg,6807e0af4df3c119667c1ddf7b5869c9,f51e39e91b78699d85300f7166cc2b75f055d0866aec1f40804d792876c64c63
av-img_678.jpg,57894aab7278b675932359e608e04740,cd9c9b2778b0f73483fe79b194669d26e0c2ecf28a1076fc465bd8283c17cb41
av-img_679.jpg,bb1ec36b3f09e0c6c04b93c65817d11e,f1fd38ac9f577d16ad5c76f04c0eb7fb5aa6f5520be1a791aa09b7f88f71f3e7
av-img_68.jpg,849da08acaf336c4394a63ceda761fd7,90feac3c36e3fafbd6ee394503a33c4b13db16478281eee22a37f2e8aa6506ab
av-img_680.jpg,1dfd218d81d056bcd77dbbc9e86457db,0a3c72fc7838ff905d87b1bcbac97b179f7d8739a9a23f206bc1264243b7687d
av-img_681.jpg,e2c4292eeb6f1fefcbf37fa224d0bf19,1af061b597d6ee1dc9098f4fa843fb33a174940512e85dee52cc802e8647cd79
av-img_682.jpg,e4532812a68832ff3b7268237a214ef3,2f8745914dfe7d0542c5194fe49384677635b72e326d31541dced24cb7c048ae
av-img_683.jpg,16f8bbd0d8ab6835303a6735d4f89b6f,69a46fc85a08f206ea8cbe06eb9935c13a41318507cc9fb385efebc4098cbd14
av-img_684.jpg,d6cbdc3c44eaf082edb16acb47d1c800,6329e565badea6e2a8e515b16b9e931b5d0879966a3c8e0f15e71ab519bf3541
av-img_685.jpg,1a4317ea2dd5700249f1ae6fcfdcca04,fa10106e9723ec3d964af38edb66658783c9c08597368d853402ad7162a303ff
av-img_686.jpg,2d3d0fb0672c95c5123e403903cb07f2,cd54e44dac7747f306c1ef298d132f6c340a280bdc7245cf18d8afa741f7c56f
av-img_687.jpg,11de61d504ac4d32f2dbdcffa0a869e0,948c2512cd25ae83ad97fc63807322ac3f48248dfe731a662a2df6c1c02d7642
av-img_688.jpg,2288d4293d6ff0620b02d1057b7cbf8e,815dc319b43320a82cef1041c991419bbbab6a7da2101b636d66393a09b5ca4d
av-img_689.jpg,a130e4e09532531e4c6d774b4f04af08,b16482aaeaaf039d76e9de1fc8d31a1ca6ddb60b619927ef3bc6d6bda7ee1f24
av-img_69.jpg,9934a3c7a21492770f6b096e55c3f573,f3ceab409c45726c1338115bcc4153588e80c0612ea72d44c994ba7f0861a894
av-img_690.jpg,848aa2cd0301c4317ebaaa163a4fdb61,ce7cb0adc14f0c146fcc195badc582852f08683210484808790af5abad960aa3
av-img_691.jpg,33f3c6fdb776fb6e23e5094a7ee06cfc,040feddcaaea1401c39ed6dc1a0d76d788ff2368a446b0d48a3f5fe288818c73
av-img_7.jpg,89d82ef6a15886e1a2e0aa55112e6277,b9ed5225954a98937e18e568749ab64305070ce6d37013c167d3663e207fa4a3
av-img_70.jpg,d05f07ca5a64784961cf17a4b31b71f4,ec04d9c03b3a7f36524f1b2c41fbdc0ba0fa768894bfdede92590e71fcade3df
av-img_71.jpg,254893f331ef37521cda17d1d56b0027,89e04dc0f7e54786334b007606de839147f8ffe8a4a8d523e2de84eb9febbf4f
av-img_72.jpg,9e817c2309de868d38d98b0b977b3d5d,16ea68f8e26f837edd3d872e31add355f3627e1805bb80708b0c59f4523ead17
av-img_73.jpg,df1693b3b62405508a58e463017a687e,a4f94849f857d41efb789c72adcf065e5f721805f08c601feae7dff718ae0806
av-img_74.jpg,26acda50f7446c19472cf183c270574a,a2cf2badf1d83c757924b5121d0f4db42471056cb2c5ebd992271b3d1e8cbee5
av-img_75.jpg,d01f070e9bd4423bcdb4c7f447b037b3,225cf007431436b623b70abf000488eae90fe5d4bad0adb3d309dca043b022c0
av-img_76.gif,bf0941f835a5aa17513f172c20105eb9,6c6e26c8bd30fb22ca755a0fffe6bfe5efe03d4566b8947765e9bbdf1b56e255
av-img_77.gif,223e06c9fdd73b9a83122a0e91d5fc6d,1e372768cc8b139f662b8dfb2eae59ef4d4b194a26701db3b32c70d3b281b31d
av-img_78.jpg,cab43449bb3db81fabe3e40d2ef20602,7244d2eb11df90a083ba0dc32de3ef77d1fa03a7248bff5e45d5254d0c04ac31
av-img_79.jpg,2c01c42b78491f07b433c6213b11be2a,9a882113103ea88225d960a227d9681c721978cddcff1dc53c4a54ad6ecd98b0
av-img_8.jpg,dfb5fc2292a47f3f9bdef5505c855d13,ebff9122ad4e851e53b55812093791da55bde7fc6a6eb7da95ef36147ba0f2fe
av-img_80.jpg,88c5dcc5120855dd51d292745d4beed7,2c1a4f863b58f0073884b2cb090fe254b38a996bb12a1210439e0bd0c4dd9b1c
av-img_81.jpg,795df4de49d369659bf1798cf2806325,7552f77a1c3fed7ee595d63ae30f344e50663614b852eb1d70ae038f85a3af42
av-img_82.jpg,23fd1d0c8d24fa5b5616d33093ee9ae9,2aae54d69e585d1096ffe5f7c9211df33b788a9b9b4be3328cafb9f3990fd374
av-img_83.jpg,a0509a52c0ebcbf9b99cd78915b06b85,62c228c18e26f5a7d0c21a2f30971d6bbaeedaddec0d05f287ad88e196e243af
av-img_84.jpg,a3ed8a87293482eeb41f21ec0dac3dbc,33b8869ba6bf9bf6e0ea5450703db8f475917cfda6d3ae3b68e64c89256c207a
av-img_85.jpg,52dfd01485229dc237aacab0451a0105,7ad06cfc4526a8f01237c1b6439674334edbc077c6070047f513b740c843bb38
av-img_86.jpg,b19979c5f2249cf6a296518ffccebccb,926ca7f14030522192b1cc6a0910b9ac381d518bc620c7e2e6c89f863f7224bc
av-img_87.jpg,dda6f7a3a89c544f013eb45bb71613b7,8c1102bc53d19235a0719021d98f9eac326015e0d0d34c6d09044835c7eeff8c
av-img_88.jpg,024bf5c67766633d4eec08a046dc8f2d,97cc292014aa62e44e28d3a03525bcb0609a9b5f61c3e5374a232c35241ec0ae
av-img_89.jpg,297ef8d38ce146b2cddc710e8bcba52d,b45357a9962a9d6c7f92ea1498fa6cc05f10de640a6d6944eada642a1bbe92d8
av-img_9.jpg,fa4aeaa30e20b85c1598949e7f92f46c,fae583ef4063f4b7767ed16e1ada1420a592d7c04a69596f30b90a60fa069a53
av-img_90.gif,38e60555e074dab04e9ad2d60e46bbd0,c54ef4f030b9493f7447ab9d64d4d57f2e3da408a5b8a2516ab41087be408c97
av-img_91.jpg,e7aede65145a432055eb3dce216e549e,399530e6090f70e12ed6eb3d5b18cbad859f4f29fa7b3b94232c95b0b994c0be
av-img_92.jpg,03f8eef94bd3056aba01c4662e1ee36a,a0e6ff81ec7d7f03a5cc0420cde63754b246a1e0c5ecba641989f9cd5eff6ef2
av-img_93.jpg,e06e071cb03368369c9f3f5e14354021,83f53d3e09a409802b915955ddd4554cd4ebb98e17ecd7f8c96fb51319d92829
av-img_94.jpg,36cb60b2519b5a81a7646e27217ac869,e442f3b7c9826bf5a7edbde98e315fad7b8be74c166113bf2eee8cba0ac61b41
av-img_95.jpg,8b47cb6e66eb86d092835f3c1ef2cf98,9e16850f3c6c4a928faa6138d20e485c480fb4af7fd7bee30253d6d316cc3573
av-img_96.jpg,ee8a43f2560845165dc815fa796c60b2,ae93dfcbcb6ec1e4bdec647825c6b08add59f14cf4b97044ec6da4344c5af5af
av-img_97.gif,a63d38620f622440e12fa1c710ee0f23,8fd5d9efa5a29dc87b31e331b870dd3518bbf1e45d5a49746b2574cc92d2e968
av-img_98.jpg,256d043151f3b4bc61da612a82dd7bdd,09b66bc25986672fdf11bdf0d5f5ff628ad7c9f3e13910e17e4eac1535c1c584
av-img_99.jpg,08d1cc21cbb72335f08ff40f807ea5d6,26d8a66a30c6b537c0511a8442467bddb996683a7d9802a740fa4c47a7065987
