Name,MD5,SHA-256

a001.mp4,ed35a8b7bc11ad9abb897dfb6852dc63,2114b8215cf2e304c69c4cadb98f44e91bca2f6bd1d7539ccc648c6db947b786
a002.mp4,a18ed7ebcda7f5e9923b5a968d4424d0,6b1a21744c560e913ed0e7f3c098b780e9f8227ab188312e85a0d692ac07ea80
a003.mp4,9c99985587f22fde5f17c798787c67e6,97308d0827cbd92abe324138036b7e42c7a66847d5de9413f1186a27e725ae16
a004.mp4,e62e25448365763e4c6ed15a950bc21f,353c3050cb06447fba2de8be4274d43016a96b86116c74bee902c510fe721565
a005.mp4,ced8a9f2e60c673e650b527b910e4a78,01bb559cd49bfd0d8b40f619cfb4e1e7b7bbde76351250bae88d578177d04ef3
a006.mp4,081727a24ab9b0b2883d344fbadbf0ee,2ceed9d1e239461ba8a2be528fead3b1e0c1d2b3e8f868581e06fe5a3b712936
a007.mp4,70bddfde543616c084f145c1de2c6ea5,4c7ec1a77814dfa6f94c59328a9e670b876b03ead1e3e2baa7f0f742cb9990eb
a008.mp4,4a14e09da91a101b2a2d6f9dab4a26b0,608d97b215c10741562507460e42562e8f2cf348756c76125c4d5909779b42f1
a009.mp4,f0fd2be6d7e4b563ceb1e74a98159e36,31cedb35d9dab1d3994a209340837a273077f7e22df7e33ce33e7c726d53df73
a010.mp4,389a0774a465b99113195c7e2392dfee,def617d5e4ec483c49e6e3dd3c5c4a69d9acb19816169f33a9af349109684cad
a011.mp4,1480c175c535c34a75a2b36c2b0b974b,a63e44fcb8830625ecff1e61b8946bc50a2be4f55266afbdc601362624789937
a012.mp4,b77e324eef1123dae81f7bb00ecd8e0f,77c8d29204571101792678a2d1bc4142dd88c0804b41a4ac0328052f48e1feb4
a013.mp4,4c5152b25fc6ca2cde277e2621e14a34,8e1dbc99537e35ca932641668f175ce7c661c5659f9a348cfd52b0b650d00f91
a014.mp4,26082ef11525116d1a4d78b0b3657d1f,d8524635db97993a50482b529192438f4d687ae27b9b5b5a56a6564656752aba
a015.mp4,0a5cf15bfc2ce5f15d406b017ddfb55d,e3f3de9fdbe951e6c3a14b5b349855f67ff19ce4ca66f4c7f7550af1b97bb60c
a016.mp4,3c19062443a44209bb442a41a0cf91f0,3c68e75d5de0607c2ace226fd12f14b2575b257e14f178ee0ded1431fb101081
a017.mp4,73e30c2a3bad1d63f2a1107f7a4589cb,6d2490ea78c0c4d824c00882d6717d7cffb3d0b0330b92816fe68e155ea84524
a018.mp4,141c4942425b5651b0459cdc455ee4d3,4910d62554dfd733c106bcf565fdb099a2984cf446664c069452202ea475a5f8
a019.mp4,abb170119fcf83ede48e84f4f620c8d8,5ed2ea226dc8c8b0df83f01e9a93acf1c1350ede0787fe00367f74ed1a7c7f7d
a020.mp4,712218d83416c91f5d870973b9734516,3f55407e3e97fbe4b632bcc047389ed22cd33e261fe5151e787be5db3938137a
a021.mp4,e26664549b51cb1385ec73c32e5f9be4,5a17fa2734fbebf059dae78d7ab6b5fdfdac981fcb79ab1c8ab0d2aca760f618
a022.mp4,b66d2f8403e479f8d11ce83b93fa9493,f21dcd8a11cbf79529ef29a88f8bba6da3b4d9779e11fa1856f1250d1d7acf1a
a023.mp4,ce9ccc187dc501052258c5c0c38725e5,f2a92eb0401110cd9ea5c6fc850e3bbedb46a4007b5ef2f7b6752f2bf7e27d7c
a024.mp4,f70f439449b43267b71d2b321565ee58,b96850a0b49441f2446a0cb7c75fda3cd48eb17c76e1f265431a47acf8a919e8
a025.mp4,6dfbf0047123adab99aa3cb566a2af38,7e57199ee4da24731c7daa7a102b29f9cf69ea800d25b39ea23c39d97512a383
a026.mp4,66146d870faffbb68638587d921f18e1,cb6bf4fcdfe3eae36f135b9f9af89e38c487c1ab13e5203e9c587e9d8f781eca
a027.mp4,e42b909daa66dc6d225400ee8b17e063,d9b88436a84db6595ff1ef92d4d878c5cf592d093765c26e67e897e72ff28e65
a028.mp4,455bb180922ec4844d25c63d9625e454,7afb46e0b93dec06c0a030804f44ebb5677a13736d9dacb9b03130d5b1bf83ee
a029.mp4,efbc732d44fef19d73bed300e2ba9f8b,5bb643ee4a102176ef4f9544891b21ec45ac98bc926b5aac21183aa1acae9dc6
a030.mp4,49d40ea1ec98348cce54fb7d9a90d164,999b4c25f038b3458803872e2d1d1ba0136f7c33cb637b39cb81c1365d7191d9
a031.mp4,2df6c02d9118ee7619afaef5c6ebc24a,e259412107341b2897666ae55f3f65cfb41ba0b36f362eb11a530cffdb13202a
a032.mp4,db879b3f1a93e6e2adbf8ec4e66bf4f1,edf468b11cfe095b5069eabe67bfec726e8de6711191a26ec0d0e6f871c975f7
a033.mp4,341eb357bc9a8bccab9b0a4a17a3bed2,ac017a288d8126dffaf2fe69224a38a9c2aa953da5fd462eb3944dfbf777b85a
a034.mp4,bf885f7df796f3c044923bd6a0d8b388,5583741883a23e63d3075cdccdc7f0a1b4d523fa1f39413624509f9d8019e891
a035.mp4,88f36361f926e522bc0ac7f231600136,a2b56041b3ddaebdbc2368b6cb142d805dc161a4545a497881a713bbaa1ac4d6
a036.mp4,b983fbf8f97148d1cc59cb9a687117e9,c86ee1dc94ba9b256fe923bab5fa1a3d92e9a6a14aa28bea148c2c415087d664
a037.mp4,0ab987555def77def89bc11310324ddf,89dfe3763cc013adfcceddbf4ce19b873860965ff9899a98734dc4fd8474cfc2
a038.mp4,141b387cf6b83854bd792143e7c8ef13,66277931aed81271d8c0a32cd284f57421e7404b18d888a566b6b4c535fecf65
a039.mp4,ae333d99f75506686ecbf66a3cb728a8,a28b43af9fa6a9ef92e4537dd375a7a92777ec9812998d09bf59c8e7e8bfb131
a040.mp4,8d818c21c1e13ca88a6d16eb3140c872,a16ec755efff302a7d96b45deacb0ba56521f0cfa60248d9d86778f939926b8d
a041.mp4,c98046d1b3bdcbca6ee82400417814cf,819724d6c98ca7dfe6d4e7c41b0dad68efad9351496b7f8a2d39c1d98e035300
a042.mp4,e2b0e057746c0a80440961d17ebd8aa9,5dd2343792d35ce71fa581610e970045cb6592c56b43ef0d1b4910433bb882a2
a043.mp4,85dcb29eff9abc2650aa1d558eb62f9b,de4269220beb8f28e7bcdb88538946da88d74a2384d7ed476ce1ef00197a4ca9
a044.mp4,77bff387dd17b8f2543214ca0c918756,b9990557665d56d67a565710c40038e9086067e3ca21b3f640b9c5c928364a2c
a045.mp4,2e439f23abfa62089f1a4741502c9fcf,bf3867caec4e4c06e59a369ec596928598723a9469d14d2d9fa3175cce16b3f1
a046.mp4,d98d7e6fd6d3c4fce9970fce2dcecd31,08142a44e7194c549bafb687cd04e68f27954bac60b4c5f3deaa526a014f5fb2
a047.mp4,ae7f6c38a0fdfd48ffdc45d260da94e0,702db895d826f63a040c475dc28e929b8a86c15768385734aa257a6d066551f8
a048.mp4,7fcb67b97d7c7bfca806c801a071e6c7,65c0fa45528cf9195092ad75dcab7c8c77be6369c3b47e1187b207a3f08c2f67
a049.mp4,3f3fccc10b60eba63c7abf8547caf757,798485ed3b155f185d4d773592cf66aa47b0ed36d314f4ffaa60a9e880b03478
a050.mp4,23ca8cd57402c5109b81afd8c24ab256,1da33bc70468d41628914b3e5211010b456c2ef929dfbb75c36f18e35112b7e3
a051.mp4,0537fee9f8316253ff6bc49078c2f6d6,db0839b02f4dc49cff20f8efdf32974d3d122c5002782eb7e84c952ea664d690
a052.mp4,4c59e9c16345a5f5c182c1775ee4b77e,625751ae34305a8a991516c935c912d34411c09e30cce73b0628c344cc061d62
a053.mp4,9e8a9ee2ee77a147fd81bac2f3fb714d,689c24e34675d03c0144a1e2fe88ca3ec80956115d127d4d7491003d28958b77
a054.mp4,0cc21094f6ff2eb6e00cfdb35f826154,b1f513e773a7a482db22a172599d4bcd0c7345f1d96421162a659dfec59168c7
a055.mp4,7c809a565c8a9cd7948eda12ea17b742,3e016fcf7764a9420dcb5228e9c791d03323fd6a790ee3c00bce6d2d9deba6a8
a056.mp4,9f7a0dd677d232415904b629107759c9,ad201abcef2900fc6395a94618c4cad529f6dc05b84052c326b60f5eb5a0673e
a057.mp4,4d561243bb043d14a07ff15b74e331b6,eb6d505dcb20c7ed138280f2eeb3cb6ef9ed815957b2018b4e189c3de688e7fc
a058.mp4,5aac91629beb5f1acba2ed2a7d33acc6,d30c8fda5a6d8462a6cf029fa30531331253726ec41111f7c6e0770724d61324
a059.mp4,8663f34a1ef5aaa4f57105bcca3f55bd,90e01eeff46f52dcf2ea98067e464a06be06edf22407dcce498ecc7c84135fad
a060.mp4,193e2890c51dfd2f39f521b55bd5e20c,fe285a60ee962a60d209a3c24cd25281d9923d99e559c26fdc9970309ff6bbca
a061.mp4,d40fb2da9dc3e8e7bf42cd69b7e71dbd,52f2c7a05276b9f995e38166cf8523d52b06cd052889e3dc3b29cf3fc7fd2069
a062.mp4,19c4afcf902478162071b5a6e05843d3,7c1e7517118bb5e08b3f56e8b9255fcd56b1fb238a376388be2c01b039e81e3a
a063.mp4,d452edfa87c4961f2acbfe6553b70f33,9c11bdea4291e0e0b748506e4f822e9dfc9e1ba27fa08520b94cfac667391f2e
a064.mp4,e53f0030e04873c160866248ac1d5a5a,7bcc6613e5d07fdadefb333639c46e70396e8016f37bf84983591f76fdc687bc
a065.mp4,f164072409c52701c9d8c1f73a9c1418,3550382b7cafa9ed2a40477d93d39a144e61a1a9f96b299c32f8a8a5c5a0173b
a066.mp4,2f666d8c96ed9a26d27e1578bc4aaa2a,7759f3e62b1b9e462101e02a110975d0db4183ccc07343361167e35d63d92da4
a067.mp4,a08e40f4c9f9d3c97ba4c2ecac88be66,b15eb2bb1fb1d7703b4377ccd0595e668a8160b10fb6e02d706e2192f4e7dcbe
a068.mp4,995944523e8bd5676fe7497cb9aa7d24,ba763c39f9ffe31eb2b7a3debee6f861df3cb4f4261c4690a3eaa1379d3fb7b2
a069.mp4,33016ce7f48e7969e6013b308e2f1c65,1273e03f1354c894e999b4c25457cd8d92e9d3455f5121b344359ee6fd648fed
a070.mp4,3c0416393d4b88936715cc2955004b1e,7fa9a9d5127c91181d23258027b01d765aad1a015854da2a0275fa7a00b9853c
a071.mp4,a29e5dca80dc8cad863f0022f54483f8,90524023f7c0ae24864181543626954c23c340f1332df0e7cf151b3fbb89de9e
a072.mp4,49aaff6351917017cd339690e3b23e72,8c2dcc4420dad27e880bb98eaec8a1f533fa14ec0035777ed96fd21eb7071e6c
a073.mp4,438ac8ca07f482cd602840d9db91cdc5,37cda4650719e8d27f2589c486f4e93f5cdff60de4bea35fb606bf2eee97f68d
a074.mp4,eb4f09ede636a54e2629854560161540,022a92df0c90da68f604dc89826bbaf5aee35f656e842333b213b0c904af7a72
a075.mp4,ae6a20b6cab53d850082620d5e5b9cb0,2ecc6c1c656139bdc7813d1f1b3f2cccc5a69a13f338c22d1ce55b425e2193be
a076.mp4,79d4d3fe5691b97e02caa415f8aaa10e,1da3df4c425b79cbadc49dd613af7468c72659a5302d863b09def2e0a48ddf0f
a077.mp4,99e7dee4efe77662f86b2a5e2c524135,05177405d6275211e98d0e4179cb69dfd71f83fefe4b50369873556bfccfaca8
a078.mp4,c5c65c8e41690fb3ffb5774f93982860,ca48e2a737be5572e34ea3817d55b4171b10352f1d042bc6f8aaf05224990233
a079.mp4,884c420570672dd3be25f433efd14ab4,18dafa88aabba6dfebf01992189ab68bfda8827de0bccadda760412506691778
a080.mp4,0bb4f793550ffc77e87ea7e39ee7e7b5,bf2c1c655a5108da8556ba904dd01053b3f10903409adee7034fe50a1c6ed350
a081.mp4,de83732f6b38ff01aa64e47cad0b8f09,449c823f4a37ee6b370a67329a018252a0e7ff65a55496a448849f775b500fdc
a082.mp4,6ae1c158244ee94e3d66fff8556e3ab2,a33b9168565c4706bf4156e6d35bc429a0c20925ef0a7a6c783ba7bca53e59a1
a083.mp4,1b5b7e4f3c72ef8bec7852c787fe3583,8a912777d08dd421f20e8d9e1cd4c2b3a4ac6ae0d1740f062a3fab351ca2df16
a084.mp4,55cf271f2a3b7bc4375b07716424bddf,aabde738232ddcfcd7d4aae49c6b3d7020b5b160b90d2ba049c99af2de4ee93f
a085.mp4,1c2ac750ef36d20bd64fc1d17047c37e,171063abb9a606f10155fb96275bca31951ec8658f637739d589e24d6ac1acd1
a086.mp4,a01c8b43b0f747cae79a595e6562c743,87bc38b457dba75c8bd192f2a2f8b0627dcafd5c356f72b4d3aafb260107a3f1
a087.mp4,76e7da2381b18ed8ac84aae18c798112,ed186cb5c67b275b353a59629dcc0b28ff7ac2f3c697d72583816babc3d4fd42
a088.mp4,6b3e7a5157b45de50c4eac0b2d30b07c,8958146e497350f4c52b70c542024cf41ba3149fb1c8217c7fff6abca61a0340
a089.mp4,45346e892c1261535ffe6cfbb3e9fba9,6d1cddcf6975e17ed81334e9fea93ac538a9dc644f314a933439ac1b8d0c1b7c
a090.mp4,e44f837174ebd9797687073843174fa5,de963e4a3ed8b3ac99c26281301343fc332c67a226e327d2a65de176d19cf96b
a091.mp4,2a3deb3665378bbd3600e5bb17a6125e,e2877eed3f8ba2826670a186c27877a098ac5b766684ac31943cb20bf74fbaac
a092.mp4,11e6a137d2320da01f8017314aa351fd,667514cd466eb1d005ab72c1a98fadf2cee8b79d0d12c43cfae5d4be3bb1f258
a093.mp4,841972991f840467a17bf1d76075241e,dc08cdd51491226bf6a843ae490210d5bc8e2b41643e972ebd16dbdb6f3e1ac1
a094.mp4,38782b760645a1479adee76e75ff63fa,8b774c13589c5eada21de8837e0fe474efebf612f2860ee333b43745322ddc45
a095.mp4,cc7484cb2f5d93f9a10a5c1c8e40cc60,fbd6cbd4815d2f435303dc54f77fd4a8a31b56a2e4f718b83a9b16e307df4a2d
a096.mp4,ae0966d08f7c8010dc1f8b7e0977f5d0,22da1e268e40b5afce7f874d4671249d70b981810094a0c1366ddc5e5182f007
a097.mp4,98bf4908c9e060e191a7bf6347c87a0e,5c10705c61b08a452d1ec2cff14bf8a6e7c76fa9d60da35f648a961621db462f
a098.mp4,2c2ea02410c29e1b4ac3237f56e3856e,6b9278ae5bdbbcf2a6c2b8c2e03e7f55ceebb51b6f8b0b0b6151854fa9892fb5
a099.mp4,01a5a2241ea49f14fe59c8ba23f233f8,1f2314b9345395485f2a554e4e2cd4ab894ed89edd353a0704e7acd347864c21
a100.mp4,9e0a5de3ce7e6fb41cea0b812f57d798,0414d6d838727bb821cf4aa949b1943c7bf8e4a73934aa7693bcb3c163ecdf0a
a101.mp4,64e01283844be4862a56fc7c126db97f,ac3fd53733f85daddedfe74880c39ed8aae5d49d6c68b31f32591771986a50da
a102.mp4,4c41301380230bbb2346e33c75007316,e05926aa63e413566b70e9c1dcc4ef12d72cdf2ff2a50f87b905c2fd04391bad
a103.mp4,1e42e95a5045f5508cbeea509566dedf,1e3339d4858bad4ed6616073fe1c48980db11dbc2e989662bb6ba418b00d437d
a104.mp4,09321cdddf3265ac9bbdeaefc991e89d,319f3cd93e280b1346665537d3334309d01a04f4517f3e53d2221119a8a8a35d
a105.mp4,f5200e02fc5feae52b4c64286cb0671f,bba548a3630b08afff94587032ac8edf36b76c3c61d301e89cfe74ba0d774ff2
a106.mp4,d750cf90a3fdf721229d6d1518b945ef,00a2cc923288c92f6624999c18b27d69b5db238283f96802084ba160d4f579b2
a107.mp4,b9c4ef92daa2dd8a74ce3ef8457d0c76,cb7e2da21a3dfd3754b0cb9ed4f28a79a1e8c944ef95d2523cceb3b4e63b1d20
a108.mp4,99b9e14648cb0a388422188b31a018ef,6309c5f87851250ea7824ee39d8313c4d96503f949af258e3689e87aa45c9088
a109.mp4,f02d9c5487695f5f68f854ad07ecb9cc,445fca220d87ccdadace521f880355f1867522786ff6c43321897d3affce2d95
a110.mp4,463b2606234ebe8dd08ef0ee86eb24d1,63958d30968f3b5d80b480f01413a577c6aab2b266dfdd48179f2fa52a87c17c
a111.mp4,389cce485c1586abb11da0dbccacb247,f9554b8512b1c6a37f15935ac1507483aa1830f17e34f2842243180a031c73c9
a112.mp4,fbad6dbe8b1e7245ad5376604486e8e3,c6b949560c434399cff0c4ca5ce7810960acfef3e3302830f959a1e32b87dd75
a113.mp4,b03b9faf2a32d1da83f803e3e55dcff4,af60a38c1bfbc76cbe90f12b6a35daa2efdc5d2bc16f4990c2e79f65a338ae95
a114.mp4,d7abb92e2599fb09232e229b32d5f467,43df566eb1bd3eb48d09d77af40735ba3c4aec496d097a98d16f6f36f0663145
a115.mp4,be2148c30c20a49e65e5cb443e853b32,89c4bebaa44573261c5e70862854b6700b38ae58fb5541c4365ce50e492c3283
a116.mp4,91fb289d4772c153cd6c7a0984378196,0a3a3158e19894775ae19fede6e8fdffa9d53e9841c25d72a4fc10d5b7a721d8
a117.mp4,6aeb59fdea9e8f35c3a456f16a61a326,cc10caaf72e5e15ed07af1059a1f928e1392ee00f90022a92262555ff9c649f2
a118.mp4,9eff295846e916b19d40cd5898633e50,6dcbca298a0cb4c15fd8349c226d4ef1d86c9285c300eea148f2712a767f0049
a119.mp4,e1b565416782b37d76b5448fb3012516,32be99614049f603d0352c82bd00e3b9bdd585484be5a494efde8f0392a467ce
a120.mp4,e934d2fa3b2549c36ae38ff07a40e3b1,fa9e3a4cd51a702b704972c9429af76794809c1713f58faa8c69d6558d4669ac
a121.mp4,cd064b55d4e849a4928065dd09ae7a78,6f22c47e8fcaa61e3e8728f4ecc31df3f37ade45ab48d367832bc606cb96b19f
a122.mp4,b2bdb468908d6541d5564bdb182fca90,69010314a34719f4e318f3b851d05fceee022a86ff41defbe6eb95558c9c6f89
a123.mp4,0bb29f852677c3a11ae5710fc7c7cae3,e8257a6ae65c3555f1854a478cab1740e7ac06f2330ca5f1cc67d4852358f952
a124.mp4,a8769eb9b27d98fdd307c365572832de,c429ce994d97d61c492a6479001551a9cb328e5d33d6fc0b30164d1f46b0be7d
a125.mp4,e8e140d5be0969e13326234b0598e002,36d8fb2895e1321e29c8966e541d16e08555054c1a363290e405528fcef6a7bc
a126.mp4,b334964d2479bdf08feebff569035e75,11f82df42667a8290e1d52227ce4224a29e9a986fbe44758eda4546ff6315641
a127.mp4,99b1ec1d39193447dff370646d0e207f,ec5ebb2c5970dbada10e420d01855dfb0d3ac87c2bec958ba3ec6c6ec316afc5
a128.mp4,1022ad3d06765a7a876575da544597af,f707a3f45949d664ea1e5af6fadfb9a83f98a580375a120cfb791e51c79765ad
a129.mp4,e1bb3c3dae36b0938faf0bceb3337889,f448a9d15c97903e90bb14c51092259deb6ff5b2f4ce99c15bbc999ab8cebdac
a130.mp4,c1e709605bc7f37b6aed344581f67ee6,38d8bb06937dffcb644dc129a3047e7b6bda33304c53b900f5d3b0aac281f868
a131.mp4,76d40145e627506bd273b59717a9212f,d9a5b7c9ccb55f451ce15ecc1ef72b605e79c02b009da61518be29f5d2775bbe
a132.mp4,1a79f49ec08359dbfe8e7029ed5ee28a,e7f0a84ca59c00858fd8b78b548d5973f60a9bdea22064b73835e9c6d17b43b3
a133.mp4,4c758384dd3d24e11a052851681225c2,41a6bf008dbe22898c6bd9089e160b75f50f4c856d3a70a17fa4302512a0e37a
a134.mp4,0c4c52b033d53d7f1c71495699fb9ff3,1c411609a0eea22d58f78a6c082bd88a1ec52862f49c23adef2d71205bfee2a2
a135.mp4,5b48f598d5568ee999c7147e551e3318,e46b74b40cfd1e66f3fe6396b7b4058950cacaef56100ee56cc3a1b4846a70cf
a136.mp4,859b842bce39082c02177c9e29287503,81b92127b48ac3e898fdff59d821c79bcfea833310213c0779d27bf3b488f14f
a137.mp4,9c5e816353b68511578722ea8d4d4186,31da3f9963f6f21fdff7a40524e5732870ff27376b0581ea643e453ee284fbe0
a138.mp4,fa7ab53526411bee9544db4582ecffcc,6a58321bfe445c85c6218aabfaa3c6a56e534d9ce9413dff6162b12ee210111c
a139.mp4,cde0bfe52c9745549c04741a41034170,d024f98a3b1f801219c83bda778259341cb0c120defde5714749ec3344b5d80d
a140.mp4,75f089d51cc902416e33b6c2e8dba9d7,f30b10ac7ce3bf0beb43636b6ad4b7aab4b23e016ce3a7e7c6fa0b6e7c1dd444
a141.mp4,bfbcc09bae29de7e4e2f9e46f4020195,11330fecefffaceba63f51dc73454624a9f111c1f6a1ab612b698b02a54f1305
a142.mp4,467adb42f7c26d0336815893f06a6644,5f710d6d368a3529c88c7f9077cb1047fa37b325c1778add82e218a0f2b1fd7b
a143.mp4,d708015bbf41099facc1ac61388ab8d2,1edbb119d670abd765fd099eb1602dbacf55433d201becf521f308128b827cca
a144.mp4,636923a2ea195466092feea2d3745014,772beff6bdb0f6d9a03f8e4fb19fd941126d00a5bf36d42e7e28f3095ea0239c
a145.mp4,82b1167db709630dfd2de2db929637b8,c53eaa00edc59ee143127dc8b3a6fc71efe0cbef33be7eff578aee5054e732a9
a146.mp4,45898b6a8f402ce23cdd316f9b70125e,eff29f819d772de64041e8a82d988f076a5be8a25880d2b76adb8753c2c6a4da
a147.mp4,0e67654d448fe3e041ca92038799309e,2c18da750385fc35b4f7641eb947181f361c23af2076e249241a03d4aef596e7
a148.mp4,5c12d93f119b99cad627ad143704a41b,faaaa67a50074b57e7fbf20a0afe6623fbd0d48f48aad2aa271b333ddb381bff
a149.mp4,72c2bab65bbaf7ceb920dd64829a588f,fdaed1984fe1478d3d4c9c4d058a43b6a797bdf8a54fc47cb5aa9c044dd18bf0
a150.mp4,a82591409e829a0d3478fc214dd51ea5,d46910901acc78f88370bfd480d71b52d10fe2552ec1de4a4f2d1c6dc594edd3
a151.mp4,ffaf75a108010108f54a35284c2c09c1,0552e91446ce5e89b8c9a6a682d5e6f2a56314b62b0638d89d72828ebab55afb
a152.mp4,c9723116a4755fcd7a4ba0f0cb579b00,5f1b539b6ff87d29979e8c57e922e03dd02d7ab9a660e5a31736ea85a9e3f2d2
a153.mp4,397dd788a68387ce6e34ec01a5c4ba60,98aec4c9e5b2718bca0e7af27d47ec4401b324b4aaa31e550ac98c301b30f170
a154.mp4,1ba69d2cc62f72fc4ad4ffb358f22e98,7f685d761570669693d821d2b4bd43ce3af09ac8270cb34d53eab6a51eced2ba
a155.mp4,397a20f6238679ca78e836c9e7f359c9,a20436186e655fe6feb711711f41c590451067bc7bddadc77c5b27030aed7677
a156.mp4,9e37b5dba058a0ecfbbaa2551b5c32ed,946b414fa55f49a3f1fa96ec53602c106f7cc1c8e00489de8201ca82e0fc5a6a
a157.mp4,f691e0f37d4f0ed85fb6f502c3e7cb8a,96d1b721e3f0a16b30c1a943fbf9fb85743e23c2a402a39e96915e7d3f971fa5
a158.mp4,1bcd8c698f4b060379d1fbdd218ce92e,69065b5e0d4c52ca60c2db3ba25f9d6277a734328c89ff2b25d73f084b38640e
a159.mp4,621b1c81a7090ac34a8400b3058ce82b,23769682a4c7446900dbced40f9f6f6f51029239d6919e059b6b2f89144da3c1
a160.mp4,f820545c10cb5a24650f54837e5d74b4,6ac20315ed3ee185c8f69094234b2a5267f2d11df5f2ab0cb2473703318bc24e
a161.mp4,05cae3edc2c603141f04f490440f1919,ba2879983299a6ed0a2495e345193a619004c7cc7db7a0b7b87cea4b6fab95be
a162.mp4,0d356b0c4119f24a7607852044c821ba,5146d6866481fe849a8de3cce109a1409a70870c0f1fa60220b3b8f52978ae53
a163.mp4,c9a23d4b660a49f527e88b7b0f569fcb,1172ae22b52a4d52bc3fb1512291a90caabc2cf18c396456a8da38a64ebe94b8
a164.mp4,4f5001fec677ecce14fd828c253d3ea5,b2dccc169a957a2f6fc7aa964ced4e503c5f249779cff66614537ba489356015
a165.mp4,1f80fcb3d39b5d0fbfde1a5535f066c3,b249d5af7c46305af00e1b59989da665c036968cea91532aab54624dd0dadafd
a166.mp4,d586fa54eff250fe56dedcfbd8461ca7,1a709b59007531e6b6c7d861921d7b9ad8b96d26674ef683fce7b3534b14b406
a167.mp4,4b2914ec7fc7b7e5ae5c3f39e563cf86,c1e475055affef478ab423c96217c11c9676fbe9d4887ae98cc8d1164702981c
a168.mp4,63e4de8bd37552a969496ffa6337f0a3,31f8a5189e4bff237c47b4e3dc19b80fd9eb419f5d2252340e884ec812e5f397
a169.mp4,862979edfec85b7997d3ddff84c38539,64bc7c77906335f5152ae5b6e0c1cd7bae7b1731aebf1e44de8960aedc80c8c0
a170.mp4,0325c992b2aaff1e09de1779c361afb1,76a3223e5ec7303489ae33bf2e55d1e6a1ef2229fffa62962164941e42f8bbd8
a171.mp4,f232dc898f6744182ee40675177893fd,ad3341d113c5b2e8cc69c4360bf01b4d9ff0dab8c3d2480c43ae299d7bb1d3e7
a172.mp4,ee716fa8dbf4071017f46794085badaa,0313324f76a60ba5df207e31e5dee27ba4dda1524acc4a3ee3a09d52da3a4739
a173.mp4,d47d6fb2f9d538695599c4ca142d2a74,f1ad602815319161e895d67cb0598a48609fcbfd7da38e4d2d05f73e98cdb987
a174.mp4,3c5bcdd4cea049c479c049e8208dc062,0b78021023607bac70a375d2d27946a4d97c32eb055bbe3f40c55539bc1d7f13
a175.mp4,f02990c9542676be5362b74d443ffbe6,05288da90fbe443790fe85381a1ca39818091bb48e22ade598924f4acf066183
a176.mp4,d9bd430358965f98b54322686aec2166,069005b3ddb555a84a58d227ca58c13c150873ef1a8685697acee75c8eceade2
a177.mp4,e54e4a081cfef24e3d900d22bc3360b4,e0ebaa12e64df20448959489f72072a0d7ac132d09b5baa7d62f2410a82b0ea4
a178.mp4,0a3b6855ab787762a911dc84133d1de2,00094294267b20db6e038bf5841cfec86e2c68c570512798e5b65b94ea672c8b
a179.mp4,95045a107661c9d5ea978efc66826031,061117939a5890122a6d8fce371f4a942c2e1f923126a63cf4a3d5db925ad794
a180.mp4,1aff156522fb7c76e2c8a26ccd962444,fb8cd92200d0fe1ce10c7c70873e280d549fc3747b3a97ff186db4927106888e
a181.mp4,217cd8350c35f91ae3b0c217067222ab,88ec2e0a4a7dd6bdbf62781bf912fa06a5d8fcee0bf3626609af94e6aacdba73
a182.mp4,827fb94585422bf92f4deb1bc5275dd8,eb229060b47a081f07e0925e474f9ea930e33e3887c4a0f562c37e5f558c9a7d
a183.mp4,2b2b4fddc40e06aad7421fad818d2e62,d9a71a71f22c38ca4150d1fe2da187f173d988851a9eb0819874b9fae11beeb7
a184.mp4,b3193d40a36a5686f831ce20d21fcd1d,31251d1ab927fab02e5371b49561ff594b0f26bcfa635357dd72acebddcf9cb2
a185.mp4,e38f4ce3c87d0d6da59d0ca467f3bd4d,f0d0b73cead9fbe3656ede8bd111244a7931f90cba6197d4046d9bf05f4bd049
a186.mp4,f79fb1993d697922271747c6d53a6240,14affd22e2a987b9da2613c785ea6a929bf7e0a4d3a0629f53bef35bb2fbcef7
a187.mp4,1c4a8f98240cec6929f211af8a0aa668,d8efcc27ebc0da01a7bcd460b7cd423e2dedc100823477304513ee025113720a
a188.mp4,45985619b1e41f3bdbd7ce5b1f445621,086fcfb95c14572402afcd48813787250992bb9c47129c5ff082bb411a328bcc
a189.mp4,65e94e0b59e50d4fb3df438d0b24ca19,3f8ec20e588cf070826daa2d61b479e7b467d5ebb31d01c5a3c94cc23ba90fde
a190.mp4,1ec377c9cf8ff9c460ae04075c7200ea,a649210fb6af8888999f67c95e56b78f15fa0cc0dacff5f7cb13b35db84b5515
a191.mp4,edf8733ea190db5fcb29ebb076dcfb48,8186bd0bd824fab3fbb94ba4cef8c14521d3909785c4b75f226086d68338f128
a192.mp4,fa9baa38b31d36f6949f7cea42866493,0ac79f40d5e36d06b47bf4ac382ffc35bfa93eef4aab4b3e0961755d2156a38a
a193.mp4,edcd6a8ab92bcac22f25c78c771b58fb,809b5bf5327772f3f43b4c704cfc6c71f1deb1772421720622ff182bd93d0757
a194.mp4,f4729eb21b4bffe93f1bc7c8f3e76d0b,7c8d09d129c2b133b4f9a06e20c04975d5c6cf5f6b9c11dee302c01c62a58b99
a195.mp4,ba6ec545eee739ccaf1d15fe15ac2c1a,4d3d643e67748143635cdafa2604c878a094be371e26c772b9b96339aa7ff939
a196.mp4,4b14e1e8094300713cc9da56e86ac682,805645f6c4c6ea0fb3f390294bb98beb03cec7bab80eb1b1246e6474eef28f46
a197.mp4,ec21824984134de26897b12975f34f9b,e23e658b3e257c7fc6c388a968a55894f83a98c3ba11c78f5d6becc3554f3287
a198.mp4,806d3eb3f74ba2516253a0beb6fb8e03,bfee7a419b5bb161cefb25e7fa1a2b07b43211253028292731d437ad3ce72884
a199.mp4,ef80b700f293f4e1b1504c9b1e0a8ff2,d639d0e527b1bf7bd92af10674d60f14c1412b59e1c2fdc50e71eb94b163e061
a200.mp4,fee03c7bc277cb7c72222b6487bec909,254e500b14fca13673d5df15235495b157e2d9f3bc0ef5831487308d382480af
a201.mp4,12ab74dd80cf3d75650fedcd0796e3c9,ac042bce9cca8f0dda60e4ce42fc290244c081ce1270ca35c2c886884fb5a143
a202.mp4,15bb6d70587f90b5b50ee7cb62cf4866,76542a783956dec57b1a8b1df44b5afb6ac70026740d6a5f4c2405d787a68578
a203.mp4,c3e7506742f5faea87678bdc3a3d2520,a75a5085a8c799175e1829bcd1013d38266a89ae7fbefb1f3fa70712132f6f5d
a204.mp4,73047b86589773f924944f23ed74485e,cc6e536f668e3b1e37ea4aa626e29daafd9f0b8df277f07705298d15e94da695
a205.mp4,f8cdc1bc0e49087a8f29a26ebbe282b5,fe50e9208badddb0d3d4e34c69ad66fcfca399033d706b3bd3b2869085522039
a206.mp4,ff63efa5895d4d257723f42cdf07f3e9,44a0fe177df7021816a74e1fd58fe9bd9cf44514374cda33eb5aff78e37999c6
a207.mp4,36dd355b12b4755d017acfc26513912f,d4a13bbb47a64013478abdbc2d55ba4f9d3a7ee93be9d3f2a09bf9aa0d7b943c
a208.mp4,f1b894f25b79234675c6a849b7dd9d47,b141e1de04f48f5c589ea5b819c78c2712961f948b004b4cd521c562f037fa0a
a209.mp4,762290660b8c33e11add05035416121d,c5ff14b70ad5fd99e6b5f807af0005b5531b29b5f640f49499a9bd70436b9090
a210.mp4,bfa47e764b3d6a57b53d573fb680c13c,5593dad0321f35d0f9c978b2241efb0231f9badfecc3899dbc6407a10d52f4f2
a211.mp4,af6d4166a79cec0252dffcfbd83ebd7c,3f33889a1982ab721deb459bb349f1425d0c8b901b09ab0587c3588761756591
a212.mp4,4a271d3d7d0b589119726e637814e463,b3fc54f13c20557316968d46d64bd88f933d7be2db8fe00ea0039ad51fdb79bb
a213.mp4,0b0af570608f14f4edccb820963ec325,13972f0cd8a1009426077a318de91591c15f04eb02205fe512bd6212d6c658af
a214.mp4,6f0342867d1338b29303af3f7ac17f90,fca892e0fa868d37854f689c5834fffef375361aa0ed98b2cb2a54e6839a4dac
a215.mp4,2fe7ec6ee1959917f5c0c559d56c69e5,1cdc24cc9717bf596c3e2cae2a744da49b13cd42764f3e82b235fd2e69ff64d4
a216.mp4,e0231f36cd76003994978382152fa208,1625025be26a1caab90c80f2ecacba9c097cc54b7d910ce2adeb4781e9e79f4d
a217.mp4,226952dd62049c77310a8fc590e4f8ba,eff07dd5ede7094ac728ee20a4fa6f789d024cd56bd5b84912e4f01c6cc8440a
a218.mp4,75b4757f9c0f4b1d8cbf3b1d2c4f3fca,03e59a82c44149e79360ba50544da5c3cc079fb47a57b60982a6447e5c7ecdec
a219.mp4,1fbaf4f72ab5d4748abce808529cead3,2a84c1af4e6610ab0b79d2bab32b9b860cd573170e10014d80b32082ba4deb97
a220.mp4,43a9015da2a0e254aa80f8cb47b0066a,4aab781da02aa62320c754bb151fef4575dd5b5fc0582884830cd5ac96c0ccde
a221.mp4,0f60ceb26a453525a70b6c7a8ec7bdc0,46e1a6e20863526ae37c3b86e37f9851c99d05a1a920412903f21eb692143cb6
a222.mp4,195d172f92fffde2117ce0fcc4c6c439,8c54914da8b176ab5b35af216e6a52ec91b672b694f7d0643932b3df60345fbe
a223.mp4,2683ca0ad6cb0e9d5cf9c629bf2fc7b0,eca13c33adbb689eb6963a3a6dc823abd520fb71b5f3a010b7c5d9744791dca1
a224.mp4,025087963aab2dbb988e43fb293bd536,4f14401d320ab8c417e6d611c45b35ce1e0b367877a9868ec97fb5ae238606ea
a225.mp4,60b57c08f1cba6c54856fa29ec54430f,a4da067ae9cef676c8fa7e910032fba2574192d83388ade4c59bf80b62411796
a226.mp4,5347193702cd6b309b95ac18fb58d434,079c2c98e83852f92d39d2146524d3b1934d16ce0dbc805db52c6148e9e32dec
a227.mp4,f8d5ca8ef5dcce88e4fb12b80c39a046,1dc3aecf522a04c2f68881b1129f7f10a3d0f66c25b81f16226340ee29719aa4
a228.mp4,d18d7b7f555d248ab63be9d907985063,23381c2c73ac3da649578f97b92635ac72e20f614b0ede88f9fcc7eb52e8a899
a229.mp4,0e3f7a60b13191d5924978dfa5ba8d8d,77424351c8621867ec817ddc0ce4a5cd463bcb2633097a62beddc5d596ed65ae
a230.mp4,33cf2429ab0952d394e056f492dafb9e,209eb8de30b71d6822502b3aa5dd3931abc99a2dc9cb1a82c78244e24f927009
a231.mp4,a4dc1c3f3c41565793249339046d8a6c,0d385811087b6fad1d47441858aabb5eaa879916c2668a0e788bc8ed938715e8
a232.mp4,61b9aa001f7f14d93eadad1c08f8f13f,7bcf0723137773d3e39f277dd4a343b80f31651599dfa785eca51248d5ca747f
a233.mp4,2e5e95e43ff3d0914aa60a9532b5f403,4b8ee01cc84bbf66a0f4fae75209c99899db5f250b4a3d129276d3b8deb4ede9
a234.mp4,93510e63485eb0a693e04c1d65ac11e5,2df78f09e047c7ffcb45921b1d19adb0477be513c51ce09cdc6740d72acffe8f
a235.mp4,0dab0a3b2de1e55f22e2329203776546,0816bebed6717f8bfa9dcdef6a0ce06568aa931cbb58a72e7b8f52f7e671eecb
a236.mp4,ac3b68c6b71203ae96eaafe958d5174b,32607dc9bc922f9f6f2af82395c7e144fe8cdae69d2821af5ae8f05f1d8d8a03
a237.mp4,5eb207aed7409287fbc00b2978130d82,0f8ea7e785ee61f48788bf0802711fff9de66d00e54faedce04928c1bb56a9ca
a238.mp4,26633f198f98f00ca6a07b788481f549,33a3713d95744a5437ced8eae1fc5ecde2b15b04090337c76ff6ee9c0b0b32e8
a239.mp4,7b82c207b3d384b71aa1d2cae42e42b2,997aad8502c99cfa79ad27117a1ae3afe28f58d92827864d3ce4cb0dad3e1a11
a240.mp4,ed2325414733cfc28f2f784f26b47623,0de36f453b61b236eff085bc7f4018aaf8be022070aa0c7043dc571e05477c8e
a241.mp4,b30205232f5a4dabfd784535a1664c5e,cea70f8624d4f9e95a2b1e5cdcd34b68f0411663363c88f12408f1764f057967
a242.mp4,a57f9e5abc77403d05c36a62f105a780,cb7ca6f92a96d9b2bbf268c2894b3e9364e00b787309812696e62c8016310de7
a243.mp4,f3e742d5f9e8357df19bd396990e33b5,1d5cdc92254396efcc96562c603236cc77078d2f45ff76893206f8a6eba79594
a244.mp4,ad09e8941bbdc794fa39e63d983101e2,f657937c7ef4d53b0a4cfbf05493aaaa2574a2efcd114edbf1089e22c8271938
a245.mp4,3cfac0675db8dc87fa9f7a81eae79630,084ee79f48bb63b2bf359c97b883ad126973f8a0f831981d4a09a37460d6a46d
a246.mp4,6edb7ed0bbf5df6c15a3e4244ff3b919,3d45a8839e52ef0044f628adc6a1d8bc0facfc885f39f85d005cd2057f906aa4
a247.mp4,6e85f9fa23bac84af67b842e7a806924,42d3005e14cfdaf516dad7e74f7aeececb2beb3b31a864e345943f9fb08152c5
a248.mp4,f9523bf10ee56ecafb3c470c325a5f72,d179c17faf459e8752eddf861c5afc3c143c4b807ad93d95e7a3b04205a7c04f
a249.mp4,cdbef62e0b67b8717818c8c7693b12c9,25114bcc3b0f3dd3a7a40ed669089214404b67e424330234363b98f107586d83
a250.mp4,8bff2d9d486907648124351912641364,009aee75d5c61aee1f93c6bdae2a03f127c85ac9d5c9eea1ed48b78a1750d730
a251.mp4,b742477b8ba9f5db01394679adaaf4d6,73f1fa14cdc9d931ab01df605c9607aedc76e65e30f6d7bcce393702a7169977
a252.mp4,27d5b18a591a4af6dd1baa2882309680,8c41b05fda6c4227ed20b14ba63831fe6de8381e516f4936a1c243a671310747
a253.mp4,1b2f4362923adacc3ba9eb287c266d97,0a7351cdf98d9bdc236305a88b86bc48e71633ef5358311e85e605afebe235db
a254.mp4,d5417e2121ba641e205f0750e8dee4d3,4dad71ed4be59ac207d7ba7ae3711a657e63e1503893c7fc504235a4b10e6155
a255.mp4,c09f2ec6f72eb4a52420a37c936ab801,4aa40c5fbbc88c20cda82efca23c25466f99864de98dc5038aa07cc6250a71f6
a256.mp4,375a5286783a145769909c1cb3c810e6,42180fcb4f295c05de6cd5357fd7310d2a7346f1d2df070d18f616fbbba93736
a257.mp4,55676840d37ca570bfe23267a4308d42,3750ead3b0c31085fae0a7a5d7718f08a43e150cab98283e4d686b6800cf6660
a258.mp4,ebb8c98d5f242bb0c0a216440237f2d4,a1e48082ba0fd5b4083f8d9cfa01ff2247d3ec2f82aaeaa02e8cbb665f6e89d8
a259.mp4,a93cb7f775866fba5490630428cc5089,5cea9d51c121bba9175577cf217562b5145d9a9130d9ba59844d93946216eda5
a260.mp4,8c7cd1927f889521bdce5bd7bb851929,2a591a36e799953261935f6f5f457e1df4ccfa515617fefde01f16694c7ed546
a261.mp4,eef1d5884d3df2ed658d53435af5fd80,b5419768d43e7bf8f3894c2a174bd0d6c9d1ad263040f971888ff946ab15fcc6
a262.mp4,b5f36f49ddc35180342d4834b244803e,4279f910376a4d5b1cb1ae498907cf2d6257cd08fc6fa008efe66c103b8760bc
a263.mp4,d59f79ee1e3299167ac0839b65241c89,1c410cf11313040fab6f1cb216b21daf51dafa89b1423f3ffc4099077bf426bc
a264.mp4,fcf442ef307c7f149effeff8bde25589,c6d2c56c70dbfd007d614fd0bf7f3b472615f9530f156f1babf1d61fc85d72d9
a265.mp4,a7282966159f265b187d020f34c038d5,0ce19bea99be9d8e9a454bb405d8793357086f3ec6cb176c208f938c6b933739
a266.mp4,a36792dbf53646d43e12aef481173fb8,665c65747a460187b4f8743ee4848fc8707b0b3b4c2a614180a2e304daee041f
a267.mp4,389460afa54b05d7424390ef57961c44,0d54321e09c4423150e3195aac2bda7ec63d257952ee2dd0fc8b32ba870efc05
a268.mp4,6715d0eee5cfd09492a48a03ea8f0c85,a19a171f6f0c767780b68862c8cf5a33b26d81cdcbc6f7745783f6966d4dd0e0
a269.mp4,509e0e163a1baccc5eab4bd50028e9b4,2073fb46ad7c9f16675e8943d0db513bd11b4ccf2e4232aa238537d39e3b2ead
a270.mp4,dd10d9bba481249980f2ebb2aad294c5,3c67c28af0c83a0f467d2f5e8383ce6897ba2aa470768c64fe2612e18f7cf650
a271.mp4,b7b6d9c838a1309280c574cd76dc79b4,dc3f9e2ffff93c383d64101bd5d3ad75340893fa6cb8a6c415c249852464ad6d
a272.mp4,61e86bf55e76937337a52198992c7275,9f80893e73a127719cd190deecb46b4698138b72befa94811efb03ce314dda95
a273.mp4,afed40bc177b4f7b01b0942af0853a8c,8b1a54e0c705b6746d5d7b3920c1b37f6190e99aa8abf002effbe4da31f48928
a274.mp4,2cb5f9c5a5fb349adab2b5d03bd1af09,10435970b41cacd4c4d4dc1e6ec27a5f3f6d30adecf4c7d8241ffb612c1490f2
a275.mp4,6f67f97ff8246917da0299ec6137ce5c,c09dd281842c2750dbae10e5cd60272b6b5e1851473cd9c765a553d1c5591be4
a276.mp4,f0b11a57f8431ef0a7245139c5235889,bfcad1afbcf977e98ada952f76bfa07ba2223c4173328c227177ba749e989541
a277.mp4,bde927b2ac6f4f0fed5ab438cbb88efd,26d7df2b71efe0832e01f3991672e24a356a0210267feb027588bdd7dfd014f7
a278.mp4,b23fac3f8749532441a3e39c9eda6f55,e97fc3f6e4442a37c9422a32ab30189987347dbd65a947ea69134cfdf4bb5f33
a279.mp4,fd971bc540158ff6a81e8e02c95ebf28,939c81bf6ad4ce0a4e35005ead2f3fb088b39e80d018ba55746edc269dd5024d
a280.mp4,1166a0ce61380b0e7c90d27dbb47888c,2046d28902118d5ff919701c4477e650a6944d00d14ce76616b5f99cb3a07616
a281.mp4,1457243a27eab4a59977accc04e5afac,9bb4744df1f6c785e630d7b5ce3e1ba11a8c7b9a3f7d2a913b068c123c2f2298
a282.mp4,73f5c19a54c87ab8989c5a6c28a03fac,dd8855b6fcf9e562147f03789eda275f8a72a2194dc7fb877974b1bae1e91578
a283.mp4,37d317428aa9b6bc63981345da70ffe0,83974c5ec314b46f68d11b3aafe61ad38124206e34eb42566339c46dd4f5d647
a284.mp4,e99065a45a0ab2e06aed193dacadb31f,7456c7d3355922ac05a38970b944e170c6cc210f0ded07061c81405a31e32b83
a285.mp4,b627ddeb45891b468d62b5435e82ced3,cd9c2b1f26b3462d72ffb2e84af5750c36a921596a454a1fac63fae74651405b
a286.mp4,2bcdc03e9fda8bd41e234de067e0436f,66147b2a4bb29a40b9b51f85a9df1823daeb2c01319e567f70ad16c9ea9186f0
a287.mp4,e2104a87ccf96732e135c93ee5fa14d9,cd2735cc87ab10bcfb3e359507c06d5c75ae1526983f0c94c3c112c6e014636d
a288.mp4,7f21b01132dabce101e0520a5c732b6c,c206367f0ad01935fc1917c5788c359aa035ef1d048bd543fe288dc8487ff114
a289.mp4,ae31a48db0db9c677bafb07c568e0cf2,0bc9e6f767ae90848a60e09d29d9d501a8a37bda02d1f7f61f3b35afb8289b95
a290.mp4,d8cd67a24f7d8cbbd48f32b7c478001b,f12d53da2e8f2fc463b7ecf9c6a1bdf2f6b314bf9a27416154830dec4b3cccca
a291.mp4,73e8640ada9c8ffc571ea8ac44e0e8cb,79ca84efc18a35cbae1cb1dd75a0a9ebfd9fb6eebab0aff7f926f3b891cd519f
a292.mp4,d62daa8b3f3776d6d049c9faedff7850,5a1ebf7f625c5d5dcda20e60a724b4c7b15340554f165f72394040e865e1446a
a293.mp4,f03ae063b705d34cfbfe276ea7ac6756,ebfa10448388a4c1aad3f08e227d0a4695d98a57df1f157f64b3191fdaadc1e3
a294.mp4,dca744cd2de278a7271fbc4fa2a34ad9,9b72b5f53bf514e0773e6a9b7d11bfbaf916e976f9e1b3eab5717f863c7fa340
a295.mp4,774bcdba2ed6a87726c2233c68e8a90b,5dc787d1d2ea5e74756692d86a6368aa60d4413f9a2a8c871949acd50809fe14
a296.mp4,8d2dd5dd48aee14a9019058048328a49,efe79461d06828bfcdcbc142e4824ebce36697ce45d8436776f2422509f9f926
a297.mp4,e15b9b889014d9685ea0380a246c4667,0735085185e22e5acaeff7c291717ffe206ffaa37a35d6f73141aedfe4f0beca
a298.mp4,b4012ac4c128fde8934ca43927ce9054,9c09d94950d64c0a1cd73b51151ad8c05a76900bb89e047ea988b5abf6627444
a299.mp4,10c474b71a6756ca82980624e6195e70,8f7f64a4b0eecd334e7e9d6469d07834eb4347026f98c3f64a3bb4d1941f1cd6
a300.mp4,43fe0faeb6d11ecb1232bf80164ea723,0546fc77c2fff2a8b6ff2e0bd41b6cbe6d530b379071130874f538c07c996e7c
a301.mp4,14166b557628ab55fe0d55068c5ef933,52044692e9773225042092469e732a43420c5932273149cf448968f313dc4454
a302.mp4,a1186e1d54d652d5b35bc2fe69abb362,f4cbb6a83c6316aca80ef833bdf156b645186598dec31ccf796d7001cf2a5f1a
a303.mp4,8b45fb89b29c76b373f7abade8b74edb,654f2c62dfb8aa6079350eadc1e8efe84b941a9c584dbacddcf19cfbc3b60dea
a304.mp4,a7cc107d6ef6bc1f2927b4fbc687ca96,9fc392aed48108572606f8c5a7f4a00e7c20b5cfd858f186ee82657ad2b6dfb7
a305.mp4,c964bc4f6024a12e933fdd8798b4031c,deb36f4e6b01d8dda473d146a603bd4cfb167613cf181158306befbf2ff5e7ca
a306.mp4,8760eca5b44374c2d81b5e7966d17d1e,a707bbddd95e9245560aa828a9d61c6c203a8213f4ec0e74107c51396ce1cb7e
a307.mp4,ab1cd4838f6a0653a2ee2ad15d6a14fd,fe28bb8450f14eac6ed7124b721196fa191616a239fefd2305e98524b768c70e
a308.mp4,b9a837d3924dbea2c979f14cf2526585,b54541ab498247f0216cbff0726abf503117f70ab0a788560e79931dd3cf1ca0
a309.mp4,0b512203957203d538972057f5959adc,c4e6566bc7f23e0a00e7adc853a630516b614a7c78f9bb3969cd78b03ed87389
a310.mp4,956595d69df37fc7f0f748805daec437,268665cc30cb9a5d25119110d4d0d027fe9daa961231853dadc1b35926c2f206
a311.mp4,7e9c1fa2813f003f1b8ec84201b32edd,1763889d71b62331121d67066573e05333de58e68cc197a60904931fa11cd1aa
a312.mp4,6b077b0e783eebe95e13e8139b39b16d,a4bc223a1edfc7935a54f9054e40b41d2453b9c33c6b36ba33f2ae50ceb75758
a313.mp4,ba8b271752bf3f5e6d2903ce0f891117,6eff3be01b36750c2d0d12f71039062d4c9f6c69dd1fa6eee40535f52ca19f43
a314.mp4,38a67ba31a07e22e806bb5ffc5faed0a,94ddbcb5a52a4228308ca419ff1e082792fe9d61fceef2103b4d96afd2a0e141
a315.mp4,f98ff7a3c94bfad71ce2e69c02480f45,7961db71391631c13af7aaf3b32853d12f686746faf1b245a25e6447651d64ea
a316.mp4,4c3cdcf328a14eeb013413c0365887e9,b30c7b14082224bde8253fef58c0fe129b672783ad17ab63ac9d8e9f4e16136d
a317.mp4,e42405022c46846cfa533f9f09ec90a8,a2a52ab4f72262d42304e1eebe5ab7372b46334e4cc7211aeb0e83e95ecd70d4
a318.mp4,1f902a9fff8fdbabcdce5f05bb57bf63,2fbf74a31ee47ca1ec2a26dabacb9e6bb8eb2edf63c07a5e7b2f8eb0d0303e58
a319.mp4,60a7c67c5078abc2e9324c7cc63c7f2e,236ce2045c1d013805dd53fae358a1f78b327a0d156e33c0b56a07b1d6a11e54
a320.mp4,7210835425f2c1a065bdad6ae236644a,e4ec7c1eaa88fd47c3acdfdb3836e7459b5e3695fb4f6d793ec8f293bda723e2
a321.mp4,6c3a426dd35696ef9210e884f54d3709,13f876a23cf7510dfc423ac6282894685ac208fc8f121d357eac07e560044993
a322.mp4,d8c14075cb366c15ebff9447b4e20c28,0cc8678f25dc31a21f8047ac66498811264264ebab5e350fc99bf0d513a4d052
a323.mp4,a523719b893f5a47e76e1fc68bc4bcc3,be1ea5938a40f758d77db4180021d84270626b1cf601b83f2d3aa8a44c907d89
a324.mp4,dac7ef15c15664699ebcedc155f2db4f,f0b8529d1b9cfa364c210f1c9b0c8e8c73e10ccce989d8a6dd10c6507029740d
a325.mp4,de89b9cc888ec5c7d0cde480766a529c,58d8059fc83c43015e1431247bfc36cbe91e8a71922d79458e2964e4b1db9ddf
a326.mp4,caa7ade184afa6e6ff521cf1c5918cac,88e63d25e1eba26edbaef52be4f07a0ffacfc293f9cd16c6bb5a2507fab0578e
a327.mp4,fa84d61854b0e38d8d29007cab352bb3,36dd355c1a2d421fe98fd3779e93f0231c8f1e978fb534699a3e0203c75ffcba
a328.mp4,d92cb66291d3c95e00905c830076a592,84586962ee55826f8b40fe2417a389aa2c28a6aae500ae706a54989aa986cc38
a329.mp4,e40139a7c25105e2e2fb69ac1df455a1,5915a2fbe17e3d33e5f504dcd10e1820e3a2f4b4335468e2bbe16b86bcdd8d83
a330.mp4,0875d4528a7914b26cc46099a54c920d,7cb0809ab0aba97e2e344f3dc938a50e9beea9821329bf50657c565c244bbc93
a331.mp4,e11a9b968e95f9904d806e82b894d4a8,f48787e60984043fcfcdecddacf0dbefc3426d4f04f387b52d0bb064affe97c3
a332.mp4,5b9d67bd251aa0c1b3cf3469db11ef8b,34b704a7b0479c898057ae0d0c09c8a770968394e6bc89dc93a08803d1a90796
a333.mp4,07037145edc1ec57dac50da82aabe294,e7c075e0e8604a8bb4fbf1320dc8a77c3a5907465d47714b2340fda7e67ea145
a334.mp4,f32e1a77d64460bd0d01c9a654544f66,4372a243f90d08df28598bd6786b013573ff122c9d61f718779afc556ef74cdf
a335.mp4,dce8022a0ea13ee92542baebf0a0c8ad,2cad4f23a13a08a1588bd17a01c948d59d121e540bf954c3195e7a1dece29fb6
a336.mp4,8734bb05a7ae35ce8908d4b766aef786,38dac4934156a29e97dbcdaac0e12182e7a7f13374b4fd8095e2bf9e23160827
a337.mp4,f303f35d7accd56dc844d5067cc4b8cf,479b3b4d8eddaac274b2363b13c14b16ba2b34b0f7e9f0842e8e1376da0f7e85
a338.mp4,927a091568fa851dd23093b04d68c614,26d53e6bff27acaa1626d9ecdce7cedf550d3f72fc8220fceaa842247837df77
a339.mp4,ef485d8d27f5e4ceebe05e41c4c3642e,78511ee94a2ddcb173078dd1f125270bdb981341506ed4b12e0d8dd0a4f70513
a340.mp4,10926df8a8864b70fd64528ddc12e723,96c67887855efc3c366f271f1cf98904808eef2c847a9688fa7b951d15b5f6df
a341.mp4,6a182dd1588d3b9a612f5d35ca0eb68a,1ca0f65c9b8497c2e25132ca8b85b6a27eec1a53b325ee7a05dcd9c13008e992
a342.mp4,b99a37a360fb936aa1ae1032d49a0608,5f05cad1ea34871be315236873ed6d40683fe9e0c0be58664551c1b46fd52a2f
a343.mp4,53194c55c730d0487b109cc05c93891d,8f7f65a3fa63240c7e0d128f38564080011e07afca48bc7441abed907ffcaaaa
a344.mp4,e969c6ea4d16dc0401721251f3725aac,11f44f61795555e17c642d362827ce960b7326dae751ecd99b28b6fa9c7bc44d
a345.mp4,7afe9b812c9c1356c4765144260d886d,dbef22fc2fae0af1d82a8c5a74c95f236314dbdcbae974bbdf1bf8f30ed7705f
a346.mp4,45d2f790124e8917167558a8287e76a4,9afe959c9cf09ebdc6034c132528aeea6d1d3ee6f647d811a742a9a7c85e638c
a347.mp4,9ea35540733c2444d159f0adbdd28dcb,d03c64c67639ad399b925c59fa25d2ac0e63e48e5326e90f6314da27d2e8d2b5
a348.mp4,78a5876dc7b4cfaaab4a719bbfcb202b,4379873e6683f1badade6df7d8318dc6c3891b1b961ebb2cf2e6b9eeacf5869f
a349.mp4,4525f3acfebc89565040022e49c3eb4d,5b97b8451b475e17b9abf03f43bf3d871500dace9dcc7b807f108fcbf5e95c32
a350.mp4,b21f738aa513192da7597547428e0378,5b80415aac12eebba1bd8b026103a88ddf66687483bdc103fb8b260a889df330
a351.mp4,ed5f8a1c7957f8e3464639c01f8fd681,2f828701f318c91a3cc7a7e61b2ecd69107e08295fca70f005e2cad301e0f81e
a352.mp4,c9af4e6b7c2a922f367b259ad1da9005,8eb7505d9de7e33c8548178202a0e0c2826ab2cd17e9abb4dc6b3bac28b0f219
a353.mp4,91dd0a1ee9adb5801fc3d1e4b7615d4b,7735771704dea3987731bf4012ece80266866e5a537861583931ccb00e710acf
a354.mp4,ee2f7f0a54d9135c2bdbc78d4d01ff93,6e7234a974e938a89ae9f9ad3029084b1e870ecf9f5aec26f9a1d6039734434b
a355.mp4,e2b3dd393fe0b46c09cb006b53178fe0,2fdfeab063b2d1c0b6784ded4b71be0333a6ef828e4662c85ee563ccc869941e
a356.mp4,ef1f08f6b7dfabeb5b9b6ae55e4c54af,8e1b6ab8a2f2c5d695b5d4a7cc3e904363b8ed5c0106b11a3baa4f2743b347ae
a357.mp4,b01098a20845fdfaff63c6a281a847d7,9d59463b99fca1fe05f3f8732bc130bbca88a985eb0ce68ded2f2b2d889f33cc
a358.mp4,104032003a079551eecb7b17ba824734,4a4116d156f4a3e9b2b8df336611d4adeb8e5ed50897e8d1edbe812a088b03cb
a359.mp4,69615065d8051c38a4673fa12e3fc23d,fb5cc8c75ed8a980f6a78512e57904b11bc819e48aa8c39b8fdd4d7eb16ad332
a360.mp4,e257e88426cbe3013f5247c0e006e217,04d725cbdff6fe645e98e9b077c0103869c314c67be90e846ee7679d14e9a965
a361.mp4,53ab316c093f942c06f87fc64d6ddee0,67f73cc3fd970086808e955e978e8cff57d4862f8a74d91a96eeac5bb3295d4b
a362.mp4,a2237f0c9736a48036c4700627ef9301,f608b5b788b4d51fe1baa19571535a2f75a9df19a55cfccf9a5b3f1f427afe83
a363.mp4,541813ce6e43b4feebb8511fbc6ec50a,0be18f429e1ec53244d916d52e2e496ea5dc1e9be43b783c5319608d6938b64d
a364.mp4,a7a8df2b40f87615420fd71e2b545713,61b226a64888d70d79769efa1fd13d75930e5a7548183580189d186103a702c3
a365.mp4,e4ea977f468b32024921ee95dce20f1a,1a90d98f2dda22ac1d20c7df3464834ffbce5ac120cf634656f92344399f590c
a366.mp4,882845054767dd4d84d3b1ab500d048f,44a0cb6e49a06559b8f9d1024002a3bfe2f3266275f4af526bf009cf615852f3
a367.mp4,d71d912cf2970d92cdbd5045ed2ca244,f6d271b98d16b9f5a794ec661cd920f8c82125efec0d82e4986f916bd852dbee
a368.mp4,b4ca5e775cdd10b732eb53a0b4967f6c,0f2e0a6048ee0f3e49c2c17aaea1c741c0786c82763aaef218863431220671d2
a369.mp4,688fc48e103a11d51d4325e84f370d1f,beab5780d5ec7fe6a7103e8d8bdb24284c15a4b661cd4dd8e54c4b4f482208ff
a370.mp4,9d38a86a1ccfecb22060447a4ba6706d,f94b4e20bb90885dc8901d57462b7320f6332e06b08edd7c217eb204f7173fba
a371.mp4,9f107a9e8d14280d98492c7debf60c8c,25d4c77e078d5c2795bedd1055dd660f7f21bf54495e29bfea6fa6f985dfa670
a372.mp4,315cbd9054f3fe6743b113f0bed13885,95440cc8bc55a31d8f1c098a152d77867f7444fe3bd550e5b0fcd1638b0d2864
a373.mp4,eeb11810e61f431a1d181c5499c3d27b,c93f55d916b7a3742b3da38c697aa5b18fba61b6551d961425fea1cc00939f93
a374.mp4,645b286054477a4623b2e0d0291527cd,5af8829c72d2df64d0bb513251ca6a4972ef3ee6e274625ac00ba68020132008
a375.mp4,18bf4eb210d3c06428b735143937f681,9d1b9ee8b3c0e17acc1dcfed94120b5eb86e201b321630168182ea7a80909f43
a376.mp4,7277599eb29fb99132325179d57c556b,0dec938cad633146131ee192ebc886f9d01094aef41ee1f3c51b691cc2fe4340
a377.mp4,6211a0ecd71cc3fffc943234787ab8ed,68e4ac2cbebc2fca27c271212fcfe30dc3371c4a166f0a558b22975f494ebc7a
a378.mp4,b2d5dd36203b7881c3b15b362bb5437e,b8f6052eef22c3d1fea77ca7e26bf2a3f29fd1ef94f9e086b35773e91447d142
a379.mp4,9c032092fa2f3e4a4fd08374a707594a,ff459c8cabfe54ea642fb795e366b93aef7f1af6f1e6587c9c286f864a9d2c18
a380.mp4,7abcc54b5ec84b1e206ff12becd09719,1d54356aed325fd4a1546511fb1e6a4aacdeef1abf5836e49f6e6f2c14675a37
a381.mp4,fe450a45e57ef4d0a152a4bd0c7eac39,8661e88e3ec29380946fe2ddb14e4424d4f5d6a1c38729e91e43526567b4e34d
a382.mp4,044323561159fd5d8327e7a8684f2284,8afba9da222b672d63600925a40f75cc9c26640d99f365fce37baf422167c9e4
a383.mp4,b7395d96054414d630965a977303090d,5a118a01a0936608b8653a27c745418ed9c21250a54347b7a8083ed94961b653
a384.mp4,daa5a8e503a92e21c445ea295b49060d,fc1328ba540426e7683c2eadc991f78cc5b657bfbff7cdc06ac2e5aa57872980
a385.mp4,7d3f903bcd59b4f48f18b30c1073baa4,9ee04719b431d45fe76e6580028345a7c8149004c8c7f9fd03ac211304819378
a386.mp4,cfa33dc2ffa9cd5cc6daaa0072f1b96f,b0d41564728e1746e4efc2bfe6ec3dbbdd17fbfea7f0bd13a33b2fcad28869b5
a387.mp4,c6b9b671796931390235ff349ca00b24,b83abac73ab6558e43c79f66e289cf56632b55d6bd998230e15b38ac8154ebca
a388.mp4,ab5796ecfa4a83c8f19ee56da0b8ca07,4bc82d27ea61004040555f3076d2583df54fa9cdcc878106a2c179b562046d0c
a389.mp4,b929fad9635327c36cfe90466b8aaf6a,deb5f0eeefc75b9aea87a4ce837519446096f09b0fe695e39057dbf4fdf11d92
a390.mp4,831d93d2c54a656121c926e89647f12a,82694fcb974ac863b44ae7be071196c1aac5ad3405ff4b4ff54c726edffe3c68
a391.mp4,52a711339477b2fd1dbc4047df50b353,0eca839ebb2eabdde60221cfef635d4a818da526470d2ba0d923ece605db5ba9
a392.mp4,6fb3c8d1446e10f7e40aefaf08504c5d,4c60c47b8331957b17b879cb5197ea10a9414b026138c2c2e58476eb171ff7d7
a393.mp4,eae9ac9d25b01bd6bd06e176f61c3359,6f7f91893810fcfba3cc3a11943767337fc764536e1a303e0539e37825d7a8ec
a394.mp4,d0bd3163976e5c3823c439f857e2f8e9,ed553589f8c455346c20efc04107141579c30bb923f9b734d35c9de4aa2b2304
a395.mp4,8bf3d4de987d83a003b1c2f12fc31f01,8d1cc9edba2fdb727b8040ff534b5b660c0d6b9eec7fca241be903971663096d
a396.mp4,f50b1260753745e2d670e966e12320e1,3fabe957d737c6e9b7225ab1b15addfdba2b06f9f451a2248605198416323f17
a397.mp4,7d7b619ed15ed0527d74a5c715db2b6f,b8187a9cf313276615a2e1acc106e794046f7f89aa4321eaecabf0ca8e2e6d82
a398.mp4,77711d261f5d6f1381527528f8652f91,c321272548b1bb47fb33dd57d9b1d615aa6d8de84b7e76c22939708ee3882c95
a399.mp4,c756a9ee86f77d374a27067b791689af,0e8f54a06cdcdfd0938bd8d561cf9b2a9082988f556428a019b493e6b6481b34
a400.mp4,ce77ec73f7f2e98da2c49b327288eddb,5a3dcf0cc5942da25e61d12164a6816f27cacbefb7136c66e068a7b905066b1b
a401.mp4,ed36eaf5d19455d881c32cab13145c0f,35acd65f8a23ab15bf807ef47b44cb4677f355659a10d98873a745f190796055
a402.mp4,a21913d0d16f7363f5f43b661fe88498,24f35b1fc53d6f4b2b17cd492af8357cf3dd38ff4f21ab67b496d0167fe2fe62
a403.mp4,375014f8a63cb0cccdaa3defe00ac647,82a16dc566e4dc40176713e68a246128d6b48af08cf4b0ac87d631f3ffad7963
a404.mp4,984ce7ff872f36069f4a5c7dbf2c1202,2e77ce9934d7496a24165b14d1e8627c90c9b0b2aa02fc1f0290b5c799c9ab9a
a405.mp4,19659cde4dac686a47b90c5e41c20460,39e9a771b1cc735d2f2708f75d55e54606f785a4ace434ce3ea4f496a6cb3302
a406.mp4,79ff6ffe42cc436509bf759b5facc381,28a6bde584a04911963726d271dfbfc26f50b84517fcd042c8331b843f17664e
a407.mp4,d1c1e7a8e5feb59dc55d786ba1cf623e,e85a89a20ef556e19f3cedfd172ca479a531fe36d4cb5d6e5cc268cf88f38793
a408.mp4,1b2e49c36cc6ca5b8a20c6e3b26a2f6a,a6c3c9b73f1aaf5482cbc6bc2067d026122f1b40e4cd218ce4062f7d96d43cef
a409.mp4,ab7fd791f49ff12f793d038fffca7ac4,98a3e0c9716581cb8858383d36c1947046d7f05be5a68c8d70651146422501ca
a410.mp4,6e1e41d9c21d4c37320838c08ae6d89d,82a6f5ca81dcfc19c2383a8989b3d91b209fb594a10b65c9293709f6cb2faf0f
a411.mp4,0e4a76d754ac654c59f53b0f35b296a9,254b982b6caf7e9ccaf4a0c6665e1f3a3b3985bda7ea54b1686dfb4b0d78808b
a412.mp4,44f32d91772803b16de0a49c01f5e507,14995e35cecd8fe7bf5c9c668bea8383b95255e7f23da9c52f91e2aae4c9a00e
a413.mp4,2e25490f224509cc9efa78e61821b260,36f26b8a318a84c2e96d967bf09d8574a79777c7850cf8f22611d125ee0256c4
a414.mp4,1e138f3548fae85a1ee7251dd5425ee4,85e31b9b83bcae3858880c15360413e98f455fe73c16b38950f5675a1f021776
a415.mp4,f6fa8415b95eed44277e0cd29edf9bd9,9178828e27d7606d6dc92bdb252c031106dfd836818dde6402329ea5d34ef9f9
a416.mp4,9eead872e9251bee178c0f90526352b6,36ee28818217202de33836e25b99a4f6b474e031fbd798621341c62bd79966ba
a417.mp4,42027f6ac5679eb96653ea6e9859af53,6d10255cf7096aeca630b424cfcccc50fdae9ee05a5df8892db1cde13e6d7c21
a418.mp4,cdf50910805f877ef91db4579f271c56,f6cb17d525043bf01612d7df5a85fe3ad62f09efa59a37432d654233149fbfc2
a419.mp4,054597163cadfb818a1e751bb3cbcbd5,85681b205e7c2754731c2c6905b565f691fcd717588ba1db8312f18f6ca2d0ec
a420.mp4,dc00e9a311e703b3653b4a15eb9fee36,cdf7de6af6e016cca45cebdde6f66ebe6ae382097ac0b6ee9214588a9ba6d2c8
a421.mp4,c621bde50a12cac6a15fe5a81eddcc03,33a89861c89198ccb3e28e9e25ca5787b8f5e4221e8e3a52d2414d34a33fd1bd
a422.mp4,ce1a2ed629e9bd75bdda4223952ed649,b0d0130c131ff34f93654f6f2c279ba3845222af6c2275c2e06851a266a2c5cb
a423.mp4,80eff3607539ee34ce47965215d907ff,15878316a6888efcad046973c71045cc4c10a352a230a97e8a6d4c79997077fb
a424.mp4,90abcca7ca8f2ed8c510a689413c7725,8578ae3e6a213872be3b58ea743eb30d1e53a40948f294a1b911cac5f8d215b5
a425.mp4,9e60e8f2cc8979acb3698e911168984a,0ddfd70d5a15d23128b06a64611b94cb3dd97400f24599b11a3a5a774ca394dc
a426.mp4,c1b4f52ed982d7e5de1c885a07ffd998,aaf9a54d9032b2e5dff4a438f115a14ff530c626a6d4e2ed1f45233cff2b36b3
a427.mp4,49e3e46207be684906ff62dd1cc88a4e,09072c58359d65d712b9705b57b4499d2c66230231f7044ae679bfa606491f7b
a428.mp4,7310de49e1b68984c08005d11ed757b2,6b5feadec63b05904f8f559c8b1f79c636b71401996bf46933c2d595483a86d0
a429.mp4,1fdc0a88926bf6ed73da0551945fa522,ff78431f13fb386b81ce745ac32b60a9f025aa8a5c939e1c572b45e5c8747498
a430.mp4,45ae175bc27496d4843b521d8b3e5b6c,620e14e7c399a077e708a5c53fd95926498a942cc40ebd9da7a8f5a0d931cca1
a431.mp4,8a9102dffea9b6f96815457df2e0d85d,01d3590748029413bbfac45bd7d1552e4be765f722292e0eacae32810f772635
a432.mp4,c6132baa93493c611b5df02621ac354f,fdcbf27013e8a93d4663b9d3c961bc383aeddebeaba1b42bac9503ceca901c67
a433.mp4,a27a9a2259a912bf596e71acc3327774,2b6fc5b581ed1eed62d6ca3e38afc2ccded30362f3b5183c40e0da0b6bef090f
a434.mp4,e8bb9c40835e2bfb1bb516a5c715456b,76c57b9242a74603f668ca8aa26781bdb03517ce001aefc8664345cf7abe085b
a435.mp4,7077a833b3d024f45ebc71869eeae0df,e45b46f8131fe893160c1d7feddf35e99ff59f4d4e02912054429cdde8a28ced
a436.mp4,0dfe480e857497bfaf06887533e52e7c,dfff307f26ddae2014990daffd07c1c182c950f14ec5bc494f6a7e68b9c4f4df
a437.mp4,3c9753d9d3f1c594240c92640abde148,9b38e93c87cec2f34493d22bbd1e6412eeef5c5a0826fe1b2916cb6f16b0b14b
a438.mp4,cfc6003af283ec4ff4225d2ce3a1d308,1b6b4a86c5b5c65636b6ac40ced1a3e84adb15d3ba60bdb5ea496cd613e20231
a439.mp4,6d9d48946ab64143eace4df1afdf7d68,48b641cebcd8bad322f8192d7245d4e9fb149a54bd1c7723bf74c8978c224198
a440.mp4,83ece06b5ac3555b0ac690fa57a3c61e,2d13f4fc0f8d686bfa075810fe8abdb04b6bc5d9e1c232dc5322d30f6548deb2
a441.mp4,d99386086435b27f296428407b5e2c3f,df4e14a7a553a26b52960bba0c5b9f4ac169239c08c558e82f8f72a055a09b45
a442.mp4,53f9d116489e77c4897bb902920211d6,72c5e4a53c7eeaad7836b6f4938872dc467996302e1ccbca0ce90d9e354220c5
a443.mp4,46666621e4a8d282f1c5699782f58f34,97b9b61edc9723dbbdf94dd8326b301f7005cfac6794bf950dbb973b0dbe7b20
a444.mp4,e8f0d387e11388f5106f68843a88c0f0,f1f7d5061a87f140a93dbc39a6e8969d327df968b52f4aae4f00bee71c1d93e8
a445.mp4,7a57c24df9a49336b16532e8dbb1b9c1,f996879b6b53856457848a38e4e896f1ef8759e4ae3d230ea3bd3f0bc38a8fc4
a446.mp4,c8eaf121903be6855b31b65141eb0caf,209cda9c088ee6f562a3e77a1d4676ffd23c2de6672040641348e2e207e66513
a447.mp4,97b3cd5d301e2f2b47be8312922a2016,3ebd1d938084323aa227890a0b3b8b198debd79c0cc4a510e8cf81ae3794c24c
a448.mp4,1f73135a73049b7b920f754d60dddc01,4768665582e1b7bbc3824df5ec11fb9f1ff72e66b462683797dec5ad3c4a73e8
a449.mp4,e1674d01cc76a7cef61232486acf658c,83423a69543ec75b113d908c5c9040a7c1789e34ef377c01b1a61f795d95e9bb
a450.mp4,6358b0ec856fb7bc6e6dc2e6e554806f,d608b64fecf8632086e71c183db527d365316fd1665a09ca60d0a7aecb636d47
a451.mp4,c51c0a1a28deee38e4cbe8b86fb48ce5,7d0267cff2cd93a8e6a1cfe34fb71ac242e0c7ad0de6bcf99f210966af6d4fbf
a452.mp4,e34dfeb42c3c2b369dc8093e72bc617c,6a9f388f588ba4a3d891887b77d230faca4a4cbd0cd28378ff448000171457b8
a453.mp4,43041db3e6d4862f9eb8f66be4db58f6,2d9d61892e882400e7e3c918d637db2cb6f5302eb87188ab5fa11b45d3ead316
a454.mp4,d53cc30499ea7613608c9cbf571d38d1,507b63f4f8db9fe17155bbe824f3bafca78ecd099c6d258c013048953d212872
a455.mp4,b13c0fd5e67499691df1d2321a7c2e00,d923dad29cce0b13f2667bc1db9e495872d666eb80c200964b7f953fca65c0c0
a456.mp4,1326e12d2c7c93825e389f808e54341b,76f370f76b9e0add86caadfc433ac4ea8069e96dcbef039a7a230b495c39e02c
a457.mp4,91fa848a8ab11965d2b729e812a09378,2cbce16dd0c54044ceabf0cce405c6b309029ead19d883056cfd7cb9dee1e2aa
a458.mp4,65b123dbd63deb55326bb1ef6bccd93c,1dcb69eaef585fb68c7d2f79b4510f12c91da45027eb5018f8f99ecb90dc9e4c
a459.mp4,6e1aeccf6a288a0dc87f64b6bb25190e,61108811c44df1e5ff3896aa1688e73d8a853f3bd5d4b77e758ea627279fce4c
a460.mp4,9b1559f360be5e06a62a18d49bc9b870,fa00a766bd2dbd33d914c04e1e0568312bcb3dbf92bef7ea9eee0a51ccdbaa76
a461.mp4,0af1e578663d20afcdf4f55aeacf4964,9b122cf035169ca35129430d1680e43229e17eaddadc1cf8defac534f5940bc1
a462.mp4,c757022e115bb920ef3df952533568d4,10c9316a6c327639e8df3b1295557ad4b9298334110e747063c21ccc2ad0146c
a463.mp4,99ae04fc475a2622c71bab1d306a59b3,a79de6a611fac0b3012ba6a5aed992360e025bd5c1d70921ac571b04049cb261
a464.mp4,27e7c7f54bd0bb66300e6c1ad2e3847d,baeb342d6b365a22a554f0d251282f4202412e0058fc3c153af152c01cfd923d
a465.mp4,0d67323bcf3c50f7cfca2139fb36fbb0,a8e98c11cf033b504ba4455dd319d9e65d623c1b13866e4323c22095514c2b49
a466.mp4,7b01c1d2e622f5088278ab0dd8a71e60,f2bb5574c2e78c480a8fb1729c23dc4acf599b5dd9ac57a8f75d990a7ef020bb
a467.mp4,5a6612bb55af5a68cab0c98848d0d391,8e4d738124aa45dc874a2ec3844c8faea1ba2aa9398f28eab523847a3c3ed672
a468.mp4,2d531039dd9e1f125baa6f00003ee7f1,65dfc9019946c30ebf5aa2de69793cadac3e2482deb4a12908bf3dfa3fbc9d2b
a469.mp4,d9d240c2f9756203b2efa50e348b3eac,feb28d2c42d6e935395598b98d21c607d17ed7d8c82c568def7374e7e23a9aea
a470.mp4,f3b1c974835933d6070210f49cba07c3,819a635483757b8044d1cd94edeaca22ae39ca33c2c33914d655f3bc5e135a3f
a471.mp4,95091166da8bd04899fb507061e2fbeb,7e4a916065a32399557333c27a5730f3174c851d3c236927e5aef8123b1b7585
a472.mp4,38fe722fcb644d2c569c4c871f0b1c91,1fe67861b71e24809d7bb55292431635c9684cdf81474d0ecbc05f30ebdc1ac5
a473.mp4,285901ea24984cc6744e2d7940d64dd8,a853934629550f199890dece471b7ec994db5a5a613ab00294ae9b6c5ca85169
a474.mp4,d62632c58a2d1d51b65e2030ac3f80f6,cd548a85ecc1cbd2fd5ddbdd499800b1ef5dc5c0abb21a4cede4ee8f0f854190
a475.mp4,da0902cf7b1928b03625896caf0de9d3,7938dd51d197125b421ce65d196a69d5b5afd2cfe18114635db10d7fbfdb0148
a476.mp4,7a231475556c3d093c834a35a19634f4,e6d71cca2dc3563812178c230c5419d79a1e8e3d94a31f463ab6441b56731e03
a477.mp4,ccf4e9c86be87dff5ff704fb9275b3eb,6da4be80bccafb5d669a0e4033cf123e7fd1ea9a865e33adc62c243fc6bfbf3a
a478.mp4,7f43ba950a0a8d9dc86b979ea323a126,278430a16ad63c69efcc5b11096e249afec7f4451fdb6136e3ea224157f06d18
a479.mp4,195cb4dc21de36b632af99c7c8a3f87c,9e8bbdd8c1b0dd44e0b4496f40710695825efbbd88ee7a7de2fcd0d1587c098b
a480.mp4,c9c687840d92f6365ad315b66ab5b478,2cd35e881a2baaaa70440a8c98a367101cf7a00e02fa511cbe46f89d8e5f4319
a481.mp4,db101d8a8a97612cf8caf7a0fd6438ad,8b723f3ff94d8fcbf8442e1a4598312e168f1a16aaa22e48129e54fa1c032f98
a482.mp4,5970f971e4efda0a0f493f8e0ca19804,d36453f8e8a06547ccda4cfd281a70398cd305eb433a29a85878b6d1155e3320
a483.mp4,ee03aae8ea7b9cb7c22ac3918e7d9e5b,7ff2785fa9584055adb79851c589505d2a2fc73cac040a76558b7ca5c70836db
a484.mp4,7d1d94ae1064abf8810c71544b012c95,506260253cb03c2a64088d3ad6920291a44e549b4e8385b7ad3ee0d5d17e95f8
a485.mp4,130400fbacbc7387d50a87f2c600cba2,e8adcd9823d29b6a1d8193d31316d84954c6b0622cf65ca53b49ff93b003427f
a486.mp4,9947f151c46815b35258552a240e8705,74ecd2e9457e0236f0f4338ab085aaa8b279a70d1f20cd6997b0990132b12a7a
a487.mp4,b43dd2f13fc1030ce5fe8748b3707ea3,c54c1615603a9a5e51c40e52cd4cc01730300cdb8ccf26c52b7682fc9913dcd6
a488.mp4,54aa15f02641baef4b91b3fd34098a72,773b486180fb1183554d36bb4fdaae384eaefd1d3ce9806b2da0009d646002cb
a489.mp4,b3046c38bfed9d723ad26cb9fb5d328a,acb5bc253734f59c0903f54cc3c3c82fcc1e1f79807b7368f39594a8a28951d1
a490.mp4,a1e4236651ee230d0c6ee661c2eb5df7,c6987b032e4b94ff433d612eafb29e2dd6e76e8f2e9f5d311aca350888069053
a491.mp4,34f0d5508abc4f18df9ac04ac5a5db8d,4ab97110748e29667404967597f58f93755decf5ce7fab6e8fbf35bd264558d6
a492.mp4,b8777a2cdf5c6a39a6b1aba0ebd1c6ff,823b403ca255e610773516d3601de74e1ae2536bb0cec6d0273b6aa981c2f921
a493.mp4,82bad65a267ddf88e52ebf2326d21f55,8132bf5a703ccbccc81e76bac887dd8c309171b355987d5aa1a68928658f7e1c
a494.mp4,41ea1ffaf73e870f38ded4de06851519,07e788e0977208ace3fde87463b74f88b39b389dcb47795e12084a090203d1c8
a495.mp4,33c7bebb1a4af672f058d32409fb9418,1db76ae8ba8666fcd4fe11d544bddaa7677d4b07a821557c5e4d80ee1221c58e
a496.mp4,5d579c513302343802cab9810a482e82,c92b60c99c4f77cd18fbddf73b825cfe182c7ac0d707f2932430a1d643d007b5
a497.mp4,dce4fbf9981cff074ee5e134c7b1b38e,98caab437e92f97f1c3fb853862e030c205a8136ddcaff078b0711f1d2f60821
a498.mp4,d627d0f52412aef2b689dfbfd76e8925,8ee219e6f4e49d93c4a70a16b2dc381a410d7b34c9f5a2bee6e96fd00f21e89a
a499.mp4,f74c0f4eebbd28b42809981448b51f9a,c05f836215956cfdc328ca3fb5300d1c3e4deacbf0b3988e45d84b8261342068
a500.mp4,7a22db6f2e230ffba9c34dfe3127bbf5,0cdde4bcf3aa79aa63d1213b8be7e8e41bbab7c215b4337b7ab02d6e89a82fc4
a501.mp4,9149b24fa043398faa3f875a5ddeaa21,01be1f942e45ba2ea3226bfcbb35bdee3acc0d98674e9fadd5822c7c8a8e7d4e
a502.mp4,25498b5e71503f5e4e9e231f0d2d028f,6d437729bce3d5bf537e5e9300178db550dcdf2c3e3219d8ae87008a510fb076
a503.mp4,e23d868a4212663ef3bb9e5ad5730091,b675799aa5b31c94041fefb4da08f8a848af7c8284ce33f2b6a3e8508ba21c93
a504.mp4,ca99dbc7e1df809b4eb9708053e707b5,351d67536f30cf57579f4b05c6022cf76b515481a8df8dbb1022764071cfa460
a505.mp4,fcb833ffa3aaf6b7fb77a130ec3b06a2,c16e38423380db8b98db2dcf2d5224799eb1d79ca8a4e4b3161517cff739e4eb
a506.mp4,6f668113a5157b171421a044af390186,e02d8abe3ec8d1e126c49d6484da9e5a7749974f393def636e86d90c8cdf43b3
a507.mp4,7d68b56fc66144037375ec2d9b8c8bef,0f7cfd3b893b016307824c6821c63fc33a182f1a705720ade34eac49cad047c1
a508.mp4,12da633a4473fc6a421a354292264c55,fca9acca706f5ff2e62a976ac19afc221cbe8039b6039a006f9c84053749efbc
a509.mp4,d259d63ddc4b7aebd18a42c9094a4e1d,7635fd8739d7f5013e80500bc9fa41487d2bcb26c7ba61b2a5f12555e5ca10f5
a510.mp4,ea7b844fe2cff01582ab4596474a7f22,98d3eacbd6225d5f89f1f287379e021a814354c29466d261b2f13168f7f0902b
a511.mp4,71d373b020f46b60847530c6a77e9d00,1db28b47df7f63dba2445afb205db8105095bd8e2f57fd70efd491f0ec83f1a2
a512.mp4,986a2060c9ac0d3c1b09d71a8f0a4945,51d1c83abef4701260320bc5a869e290edb9e71b26298b4b473b7643fef99269
a513.mp4,b8fa5514baab73e70de89ff87cbb0fc8,d95e7b023fdd9ac5b140e8fbc5ae059cb2ce4e644fc7911360ba22f4e31c7498
a514.mp4,cc8ad5f8d99c4579c4816b42d954be68,a7d2bfb4d6c6ea4a82f67b2beb9618e41d022548a13a6185f439600a5703f488
a515.mp4,c7917689ad6feca9325cefb0b7607f45,b88369bf8f8e198068a999233fe0fcde89b642697ba2b2a35275416acf63c37b
a516.mp4,d44f403aedbe3e569a31e4b934a736b8,bc24bac424aa5633bd9a25f11125eabc1878bde0c01dc088784c4e46c49ca228
a517.mp4,c0618fe596ec88fe61edb1a3c83f1f00,c99e255d2e18262564e0a400e7fbc8844238d47652d479f7b2627ccab87889c0
a518.mp4,cccb3bca476c45c1215cf0e448e40978,65e076ae5f662790f951e4c891863c48e61f64b84f642861bde9c2eba2d33988
a519.mp4,6efbce1913da577ac43aa9b4977e491c,1a838a666cec56b703995660ea79f29d7220474a6b5877dd9a14570452ec7e83
a520.mp4,c998a20dad53c7ff2b22da9ece8d0754,815ab4f67600ff5cc54a84d5156972f0d68112e66ee4119009a2aaf6155f6a25
a521.mp4,6ca9e4af6525c0e445c01d1e948a7e69,c391ad58b07a310baa4377f436704dbf735b8947f4efd3795495e4e1dc480015
a522.mp4,f12abd86b51752ec9dab6c31da07f14a,c8a2cd8326c1a55b0126ff913c936af3383ae60732aa8dff2f2ee907f1f4cbbe
a523.mp4,3e3331d5167ce735c5ce641d30543f0a,ab685fd7e43ec227a2094304cd9c6069b9ec817efe3a668d22c73588e4e0dfc1
a524.mp4,43b5b08a31e1a5c67ecf75960c548543,bdf0f6517f88bf96740aa23f80524eaab3feae09ae0a41144d45042af9bf00ab
a525.mp4,e8bdedb9a9501179874fe21760ddf97f,1235d4aabb3089afaafcbc6b14ef6d8d1cd3b5517720ed5d1349e3172480fbca
a526.mp4,770af9f67e7108a0df7f794fb3151a72,611a723fff3f99d041d3189fe2cd60ca4d16f1aba8cb84ddf97d049cf9f0f9d8
a527.mp4,a6ecd15802f7f1638f6a3e73bc7dfa1c,e43a085069b71c281fc031b2ade4172d5e7bc27414a760af8f662eef53c44f97
a528.mp4,bf95d547c94f88d6eaac71ad740cd9cd,eaa386f2167c3e1eadf484640e83c737206cb2f9487269b1055bf6caff32be46
a529.mp4,481551cec8ef5f8a7abb18452e691d18,82c5bb58a52717dfecdfe97e5e714b723dd5e2b44dafe30d7df2c26e8d07f2c9
a530.mp4,bab3ef6bf2e7c4c8cfc2beafecbb7666,0f9a804e15b92db37e038ae538e12a70de7449bde04390d389244265b4fc630e
a531.mp4,8ce5f6f86c17f941256d725c23875c97,29a1a9d88b6cbff30b2dc32aa14a0805742b255d466cc0e2b99235997898facf
a532.mp4,c8592b3585a9e1a1495e3dac530a2017,992ab8ddfc0ac446c7ae3bb3e8dba534f06f5d43f858d26bfa35190bd34f6841
a533.mp4,ae4545ae0da598d505bcd1f5f2fdd1e5,2b74fbeeb25d2cea44cca10bf347a940ca4698251788dd5d2cedafd553200244
a534.mp4,8f460df74358a7e7e5434bbea92f2420,8442cf1e3e1c37cb734ca6e5210789c3cd04507fed47d6d9035f5dbe6537b9da
a535.mp4,1223cb2251cbd4fae34b647451fa18df,7c7bcbf6b16494221b3328ccb35ccef3d9147baf371eaea5d39ab085d0ddc8ef
a536.mp4,bf56362e32863e13e433dcd859961364,5d5b0491242b1aea1885b379afc37ee9a0dd69c21d97f21866ee09ca7840e09a
a537.mp4,c6f3e6e22d830613e30c055bceb393ae,1654c0f05e3c0b17d9b96684f77ca206d7ed8010cd512432440acbc56fda963a
a538.mp4,e6f9e57c75bf1694a7c70016c5d24459,bcb80367162858210c71370e2b96f1096f3e4ac5a105a9191c8bba6a71ff0faa
a539.mp4,37e00b38f3d05e010643b7f47d530ce2,61264931f7db31d942c6612d7458770a33230092cf53678cc7e747b847a2eb3f
a540.mp4,20899b5f31a1832facf60e450171bbb6,fce1703e3b57de2601a6c2ee1dcb25707485ff94abab9a1ac114c24ab0334701
a541.mp4,546722c7b352dd493385bbb3a70bb6a7,6479f20033a1279d743859da6a3a5c2c5590f292c8b07c40a05338095570a150
a542.mp4,998602cd8b40e996c263845ec58e1030,088c0b3c21dba80947ad9b4c1e76506284dfd24568787ce11d3c3154ef5e2a9d
a543.mp4,cee25e0e7c72a045ca52b1e4ff170129,0cc80cc889db933962107cc283009ecdb708f06a1512c77beaa975258ea837e0
a544.mp4,b5855cd7b70299bd518081de354fbb00,03b31a83a43c95607895f86de55d80fcdbdc03edf4ea1391c4c2c69e4f91a4d1
a545.mp4,5dd32e8983c3d46769a098052b773abc,f82baa4932ea70fd8ba9882d7949aeb0ac8f4873a2c808d6c8d99b21960432cd
a546.mp4,d6f1e08fd6eb27107c9159bf654dbed1,cfd67e67f0251e4451ac4a41c177144301de133a7f323c297cf8b7e7d3d17624
a547.mp4,825c064e894212bf04d35d1fc212f880,1280dc992744c75a9745f4d0c108af046114ddf9a68ab3b26d247b3a3a84c4da
a548.mp4,9c638b2cc71a544b062aa4b2b03ed7c1,598af05281c3d475d82d41eab2b5792e4c37d219155a3b0d16bebe11d18f78d2
a549.mp4,c8009a6cd13d8cfddef876a66e4b3b91,22e78641b6256d3426323f1d311b97c228fdca5d550e611412145883f687030e
a550.mp4,e3c9cce3de1187de209094ccb1befe9a,83c8f390e466d8ff73c1b9b20eb9561fd1133f9e9273a993bd07e7f27b7d2335
a551.mp4,8b1676699c0eb603fabb62c29c557b7f,143700e48a24642464d70a9dd20e163952e5efa237d1e69ad1c1cc57ac235df6
a552.mp4,c6935642a73f7f09d7f75fdf68a033c6,837e7b531fbb95166f23f03db4e6b0bed6abd5a3dcb5e34b22c0bd6218bac71c
a553.mp4,443cb9a40867ed49be8810be4f54df2f,64883cbdd8eef9409c263cd3fe620675142d2564b6a0d87e03bff597ed268af6
a554.mp4,46fcb102e707130beafe34ec880efb81,c4fb500876722030dcd1ae90464019942d7a866f640c2e07155bbb8f5b9cd9d3
a555.mp4,e2bc7d7314903ed70c62500a0d221d04,7688fb2b07e9ace4bb9c3e43c5941eb1e20ea49d5e8181a537715a5e57ddff68
a556.mp4,11c7b54d52a3c75d495f3b0e680afa34,fde419b8a18789782ad42e9bbb56ad1a7f0dca20b2e891b7b861c77e3d64aab6
a557.mp4,e4d37acfecc72c8e29c2a788bd37ca63,857bfc940286ce63ee96e043b51c11de4e64fced479ebf3f45ad905a008c74a8
a558.mp4,1112b4873cac98053b81a26054335c9c,a0d0e0741e2d7196f5d48d38bdc191a1011cc58980f75c743581394d7a735212
a559.mp4,0c150469575ce981dc7ddb5ae45e2976,ee08aee9e68712888900d2a6483d0e69ffa9054038bd2a2ac79a99c51c8f4cdb
a560.mp4,c24d9f6fc0f36f749681d5343597436d,d98b858e10609ece7b813c2122021760bfe853f6bf5d27489d0f9db5026b6f8f
a561.mp4,4987f747aacfbf4a7cbaf501aa74da19,c37fd7df29cbf2b65f5cf06985c06c78f465e0f66f0fe6d0b216afdfd50908b2
a562.mp4,2888df25bd468ec946631a296289b0fe,197dec9ec566507375447e2b4e7fa67ecfb7e2131bbce3c19f6966778d581297
a563.mp4,ca18946df2f2e584ee460e914faa8fb8,1d3dda5c67040b26c810dfbd63c964149d8d44e2efaebbe6c82f13fe0be815ef
a564.mp4,948875627a126bbc8746605a3083a3e9,544255623da8779faea71593949a91a7493906fe9f2b1a67fddc248dac7af6e1
a565.mp4,93b8b3c419ea47bc7cfede2d93d3ecac,df06bd24d7c55e01fefff9e85c5ec3f41bfb3ff2d6b3bfebce885935be4a0082
a566.mp4,cdcec327ed34bcfb75a4f08121a78e24,807fb0bf9ba45440721865008728f27041ab58ee9924746532da38ee432c6c7a
a567.mp4,108e55a299e75eec3f466d69d257b5e9,6f9a4c974cd8af8038570ba02f41e022a7af21266e3a47abb4c39e19040c635d
a568.mp4,79bbb58e2c74cc2416b1f99572b6c6c5,26d02d320eb068015960325f39cca8484119ddf9c706355e17d7231924ed3f83
a569.mp4,c6e1522b674bebd0f10821d1dc299a58,b94e1bc42da933bd7d739c2846cedea4c825efe805bf23b29cf60d45cc557691
a570.mp4,81e6663124e80fb8c621bb075f210bb6,e78e344113c8c2c0a03dd22669d03367ce75e582e59fc98defc64b5b17c5924c
a571.mp4,3a266db9a3e18525c7685a0fcb7e3abc,ad96a5831201030a449be13df22133ac111cfb734ced0cf62209affbbdd8cf71
a572.mp4,3b16c8dedd7d965295582e8de1f41559,a2a41ca51e1a8d9ed8e0cc4209e325f9c003d4835ab62ef319e26a322c0069a4
a573.mp4,fa83f8bc609666b15da0230e7f5a79f6,cd096d06a5d2758f036c25b57d05d86fa65a1ba37a09609896df3c024ee01e3d
a574.mp4,968b0eac6af0a6fe21794a912cc2f98c,cfef6ef4e5a9befa4c05648612278e7db241c9b1f2374bc42b4388a06d0cf7c1
a575.mp4,b1a4671fd6f6f2f81ce420c263e57043,a44ace8bca8129056a1b89d6b93476e8fa1b1372a7017621ef91d48cb0288f51
a576.mp4,18a3d7dda5a424e54416cf3f5c0945ff,6347458c463aa2ab8cb1147b94410ab4cc3191bc4e7e4f1b2fde66edba196e1b
a577.mp4,6c1b1439552200a3778e771566fd7e49,43682e50e7335c5ba8daaa19d8d20ef9ff5ebd3b365e5b1f273b31a79dfd7bf2
a578.mp4,f1936f4f56d8bd47b7f81b2fd0f48812,9cc596850ddd6f126a9103b0e9c8aa6a36f892ad65cf1050afeb4906e39bc169
a579.mp4,bca4dfb536c3cd4e4a22462e814d345b,abd1b527762fb905356dd1216853175b27d43772582968ffd293ea5a300ddec1
a580.mp4,9761bb57e8de9297d577e41881f45cc6,4b4b794e06b91258cd00679c922bf754cf67e9f35b21c06aacbd35d9fb04f64a
a581.mp4,26eee2e3e7dd08c2018b6a709c00e568,abd8e641e8b4f15cde784c87a78ae238073475863446bf0d96577eafaed65a84
a582.mp4,a54d56a5f4bbacd1142d00a74ab16bc7,98cf5a5d3c1ebe94af6cd7901e95268cc590bda33120057be31ed30071e972b7
a583.mp4,a6eeee0cfe944b63efc17c39aeb5b719,a9cc739ed1852f65f6c953a0ff21b508b4cc97c441855df08e8c5d287c840e06
a584.mp4,0b986288353f28dfc7d8326e9a7099f0,e342da4cfacc0fb0edcf4a0ad79bb379c39fd127b253179ca0d48a56f9f52052
a585.mp4,769aef45ef5aaece7b0ed541f68f427a,9e7f04a2a713ac2d5d7a37d9a14323283c335c664381f19001f523070ab73435
a586.mp4,ae4ae4cdb6d35615aa35edfaf75e98ef,b6f418c97dbcb60dd0c7314305d707a572c312aff773451a76725a4215910593
a587.mp4,cc3bf1827012db59da028146390898bb,ad27369822877d6ea817a43869b757a51b81715f0fefddfab0d967917361da9e
a588.mp4,7ba30aec7987a723357aff9f71f97ba3,478f87a831d417c390708f93f70952fa94311d0d3501073a35cd0df8c139c063
a589.mp4,483bb62004b467b60664eba83661b482,9394b421308f17a9610e02a5a834fe7670ed603e1e9c0cb20807b745b768d3ce
a590.mp4,da33974675ccaf36fedaf8032ed04928,2bad77ddaa2b11283a1c869f494c7dbdd5ce8a61dfa73f6ab9e9c2db3e2aa9a0
a591.mp4,134bd10f2295c722f20590ecaa245ea5,03f7ff7b5186d538bdd7afd13830c02735743fac020fa195e4baa16aa1a3869a
a592.mp4,fb31ac9e5e450031b5f0de522c9f3967,be586ea1eabfd95bc7b6c5e290dd2bdf32b5ffdcb160261c16ec64927728ff71
a593.mp4,ca8fed3e92193ad1b36bd3fc46606ffc,b7bfb79b2dda35453da5890ad7bff0b5d5d7b35bf4f1771d5e41d7a4adba7105
a594.mp4,69c1462b08371e8a8443922f2e6caa4d,2ceb8b43cff4b0060571dcba8678fc944ed3d9ec248e37b972518a0f8401ee9b
a595.mp4,5f63082524ad9cc84ec2df183e4683c7,0c6e4c8a96818ec65f5782c48a39e2d1c4c21768ee9a3be05f0a0cc8b698cdab
a596.mp4,15c17d6b0c3988da2242f68686a33cde,5b879b5d310dd9c8e7aac61f1b88b660d9bc4a09b8883ec534a577477bc34b49
a597.mp4,1698ae4244fc1ac6e4b8d7ee0b174c22,eb64f6d6af4f9ca3f74e04d77938b530c8d3821bcef40baf2c8d9483a0dc71cb
a598.mp4,e8d3ff91a1cadf9913190dbcaa6141fe,07d036ebe7691417d3241aa6c4473f52950c8944db4825fbb3248ed43e5c34ba
a599.mp4,a8eed1cb861e0c8a3fd36cc190be1e8e,91e4669a9df5c9a9bc62c3cce8cc1dbe9c77dc866495774b0d14dd00d19fd31a
a600.mp4,f62080851153e4d789fffa9f7afef846,e6b762956bf88c7bc6e351fdd65e819370ec7ae297d22c0512f43e1d0b3ad98e
a601.mp4,c5a6d527092b58e1300f1c5a02031dd2,5e591a7f50fa0632aa7b2c30e68732b3a29d6efb8d525b11787ff896cc53505e
a602.mp4,c9a22f512a29472dff7c4fb69c2d16b8,8b323c222a34d7f151eaa8f32a627b272415a19b34484489d1fdf7f366ad65bb
a603.mp4,10aca3c0548249d7a9ad5789cc1f7e4c,b0bbb0ef665cbde60b1b3589686ea182f9922ef67d0d1d078b1fa35fa9c56f94
a604.mp4,ac58709e6cf332ea5fca22eb6c3eaad1,25e11d0ae6d1df11f192455d8f1fb0eaab12190022668be004b219148273ed89
a605.mp4,c27d725fb9ae78158eee2b749f2a4361,84bba2d2db23f57908c3577e416001377a0c3a5487f7e437a4574556cf117843
a606.mp4,b7f4797b2f27e9acbe641a407b22810f,bba15b7f092c93e300398712cacd7c9897dba10fe7bd97da99498a824efac7ef
a607.mp4,331b7febb82fe7fc19bf04e7d8ce6921,a41dc08bb7349ac2f1855f4306199d6a0b226b668371f1c1a73c7fcd66d8474b
a608.mp4,9235cc52274f964186a4f1e7a68874e9,44afe6693059199b41ea62465de82857acd35c7258ba7bac1ffc27ac613516a4
a609.mp4,94ef805dd8429a4daf376a75513d380d,2a71b395f4cc6ea4685be933e80066272223aa074aa8285b6e7c4e15b7a7be26
a610.mp4,d2b05e85d237decd35325f19aaa58987,933c2e8aba79602a0e0ea47fb19e15dc55d4061af3f1a474c280b377183440bc
a611.mp4,7c098cbe6316c9181d0192b2b6efb349,027d1afd470c871f6ebe99ce2a8963b9c838a8d0c549e140c0bdc20df85c5196
a612.mp4,a8e105add1da964da4e2c58caf1d377b,e69c1655ba3a24c25167f9f1ea11d0f92309ca68ce6b961d8e7b24004d1d4254
a613.mp4,32a7b83ba0a4dc2d9548ee50c2c7df88,a777a28af3daafbb7445c492b98d103b89928fcd07e6da6a5845c2dbb4516818
a614.mp4,edf6b9e1b167c87b89a1cfc5494404bd,cbd7d4167697144ba1d509fc6ec559bf5b9b5d2a1dab05f95f7d8c6b672648aa
a615.mp4,7e3e41a0da6c8cb94ce73905d44f4f61,c0755228e6f8d9455097a19aba67d54584e3a41c7a7d1f79c034803cd17e476f
a616.mp4,ce79c270641bd6b7dfe40c1ec703aad8,8ab553b1eb4ba2d2c58986888b8b27d0800fef262c8e87d0d831fa09ed50a140
a617.mp4,c360be95932db71944823841b1c06ee8,ae86edfece722fd8b51bb78a69be56ea41ce473fbfe69eae9d5f37f32bce1631
a618.mp4,e16d90edf4aeb77306dab4c16608bd03,1aad5fff64da256c2df02346d715e40530d55bf39a2bf0b15c0681ea470045c5
a619.mp4,61cf6ccba3cde0542558aa6aae44048f,b8e7f54fd7d837a6fd3ce784a0760a462f244f2e9c5827f05ad7eba1d8c1a005
a620.mp4,aa007ee0289fbf7abdcb0a6888f3750b,8a10608c3369bd45368f0cfe1cbb981a9e5be2193ce94d4a74e69518e0373ed1
a621.mp4,55372a02a753f471e573bbfa19e864d5,764db2348d55bce8d47c8c8a970695b1284c668e9e00cb66211d92db70fa981f
a622.mp4,28851bac9ef994ddd9c2f79025985589,3a930f284ed3644832f2cadba6f053875353d18044d4e3e54dbbd759dc6d0484
a623.mp4,b7263a470e61879ea54215873f679a55,078cdd15de9e070f592cd7d341fbe39dabec2391a8a83d50027d464177b9fd20
a624.mp4,744d5050d73880e13433e2ebccaf5a01,17cb9837d65c8e142c13d315f539b8fd80810fdc0bdd7a2a58c4f1cff6ec9f00
a625.mp4,f8fa5d9ebb1f1d3f5b8bda5b77b8710e,6cde5a31315e2f76ec986227189115c494fec41cd21236f5f265bbf96c1748bf
a626.mp4,0619670fc1256a06712662dc5382d325,29a80d28d88fc1c575cc3ade6d7d26654148024095bfef0f577b32924433fa51
a627.mp4,1f5724c15ca870da0a23892e3bae5f47,89253f0b1775a52725597be5be280a2f88f2d43ff11d539530ee9b7fad817510
a628.mp4,226362bd1bd217db5bc68dbf6f0b8f11,23dc8ebe1718d7bd9d328be6307002720cb27b93046e6d0eddb92a83086d921c
a629.mp4,779eb24b3509421382c57da2ad4fc70b,7b111cce506d02b6689f57a0a3d18d98f67a13608b76bbba158c1ff8eeb3a8b2
a630.mp4,b35a7b83576a83b1d7dae9058847f7a0,e685e9e2232187e7ad24d2039b3bbf5c387112a50039c846af8df2bf5fde39a1
a631.mp4,8920c938303c92b9d15dad2b9bf27173,bf84c0f508a813684587bf543f390ab4856dcaa3240ddff12bf8ea5f682c0e6a
a632.mp4,b222441d50fd6f6ecfd95493d1fcd540,567ddd40ca67094cf5b7034794906139a26570281cbcae0507487b066ba24d6a
a633.mp4,9a961d2a099076df9b75275811638477,2f335503e8f1dc97627fb450716381aa0c22f156e8533d2266d4f9c4e26313e2
a634.mp4,b68b500cda43d4a09fb91b7ef3785ef0,08a0144127c3883d1873206489581203a8d85bd4d1af14386f7d670c7ac40c76
a635.mp4,d8517e2939d4cfc70b9f5dcd51200646,3af8413f6e704ab7fe17878167071a9e35a025e163da7098fdbcca5a52cc6ed7
a636.mp4,1af006f3d11717b4fa2517ce25f4918a,8e29705f01443b25e50c501fba9a870c7ac080204771216d5ee7d40fb5431d7a
a637.mp4,4de322b1dad354e825780c6bf6461756,8de83942d063a88b55e5ce470382073304bd109988d33e49e58b302e116c4407
a638.mp4,7156901f98f96220aada75ffea6fc4ed,42fc2afb795a39f994d65ab3088799c185b3e8829f9f96a8747ed50b46b228ad
a639.mp4,49ce88e386635e684fdea9c4ff8e152e,49bca1f913adf76275292d3acc5190c3a11e52d092f77a6ed29c4a0f71bc227c
a640.mp4,b85c6ab4c8567dd64aad27f61fc6518a,94dd079de7a73cdffc64041718cf133fe8ff3fee97e47016a93ded141a34dfb5
a641.mp4,bbd12d25ff4b5090a95f49311a4d559b,4bd2261300ccf66f1b8766229d521d8518107e412b73045317e5482c35a97c31
a642.mp4,3f25986bfa9b790dd7fb293692594d3e,3eff68b649a704d537e65f487ad22df92ccc6b2a34dc9c2e7ae86ce1917fc87b
a643.mp4,4fb09c9a1fdde3befe2069d7f1d1c047,9369a331df2c4d9107ff6f522c57aef9344c135cf3b75a01e337ba9a733e489d
a644.mp4,31d8edb5afce8b6107bfd341b8a024c7,82c500ce9d12a80c24ff766f8b4e4d952c3d7941ee273f319d6250d11844d1fa
a645.mp4,8af27754a0787757a264b01d1ef1c308,c9d5ad0cf25ce9cd7ff9f8e84ac9a17809d4bd0f347c9a85c12e1875ddb511da
a646.mp4,9aab789b17858578881928f647d99b9e,c4ca3205ceff81ee93d9d023e0e4a4ce85821b3c384013186e7d390020d461a8
a647.mp4,9b590f49655616853407d9e1c93ae7d1,ad471f48a60b90d460143328ad427c18ef249024ab9fd9d5fe398bd8fac8b18c
a648.mp4,486f7a18418e1acfa6a5b8ccde98eced,7d4d2b35abd9f854f12964364d9a2f93f6f1ee33ba1582bd69a69f0d5858e6eb
a649.mp4,e7d2a7572f735865e5e3f4038e2fa1e1,b9a5309804d26c62cc2aa8c83dfffd61a7c418ce527d9e449fa7c966a7c2aafe
a650.mp4,1d0ca712686f6e6c5fea3c460ca1d029,83bd6fa4616033fa7837cb5b258f293ff9d04fcf130852258d7a4dbd8e227596
a651.mp4,1c9ee76d13ccf8049487b2dab11536e6,0df586fb06dde09961a82c64e2c1c10caaaca635de0a09eb3c3578da7d0f1af5
a652.mp4,99589ee321a645cbe5631f4c0abee157,1dcfb21a9db61ee9384440dac0944c104ae91ca97059d08d9de365f586061cd0
a653.mp4,30237a04d4441d09828c50691a5bb443,a297e3f802fae8de506cfaf0a1ed1d6b0da219e63bd722be420072528a5264f2
a654.mp4,06a69ed67fe77d8f0767d8fcfd6f61a4,c42e1e9169bf9f289abf7659931cc8009e2301821093de1852bd2887eec827c6
a655.mp4,1deb85224c410f3141df41200638225f,22eaf081b2804e26e01a7511fc70b9f6f01217c7a2f0bd145badb373bb4d7258
a656.mp4,319f12c8f1d8ce77e0f1bc54e4c09cef,255706ad6263bcfebbe8ad7a78c7ba78817df4f917acf1bba2edf97dd37bac35
a657.mp4,f6184f0eca5f8f663b5b4c5e8423cb7b,04b9f105a0cd1ddfd4b4f9ac819549d256ce241bf5f2205770d5cb2355eba0ed
a658.mp4,c678cae5c23c7c1fe8fe4315ba9863c3,2650c1846ba985fe522fa50c884da80d27f342eafd22845677e6fd2226ae7a89
a659.mp4,ad7806b285ad382ac3d4279f3cfcdff3,e0787bc3957c87052ee6cec45fe8fb8f657e7b67001d1d006578da4fd4dec072
a660.mp4,1ce0fe2f238f7b98b5bf7abc10e4bb5f,63f5bf51b007011268b6acdfd72f123c04fb3db1b0cec2785d894103cd7c04cb
a661.mp4,29bc732ccfee8dea946f19f7439758fc,40ea7983557e323d257cb8f1e9ae6fb6dc5303099693a07797accd133b11d906
a662.mp4,0a3bdb18b1ad7b4f25d7820110169259,9d1a8f991f5c0d52397f67684b17a3a453292814ef91f27a209d3a3af52debda
a663.mp4,6e65940885d7860afc0e2280c7de7a67,60bdd7fd48aa0dd3355c17cc7234e48792a55d17f25f384d003313bb44384788
a664.mp4,310651320a61bd96cb79f62935fc38e5,7309cb97aa737512a9f7ca75427c3c987aa48818a7ccb4f4e14c558f616aac3a
a665.mp4,d6cc5dd781f9917e7dd92102de97dbe4,eb89b2d784d501cd3aafe49015b18c349526dfb24ac66c0ef3aa8c4a8c93b88c
a666.mp4,9ae3e22502bcc2fefd50dce9ad82eaab,4a3b46710c88c98a83ac00cacdf2e8e709e13052a892ef93d77641a4e665e3ca
a667.mp4,abada5b8c91201b05328022773a25ecd,c6cfa2d07d376d67fe005bc479f3671078347b8fe23f073123cec90a5250ee69
a668.mp4,cad76ac9658f255e566012ee62a2715d,bf38339caa6b4dcb80c81895e1f714b6eca56ba79477e2bd2db4f105600887a5
a669.mp4,456a7388be3cd6afbef390ac72a676b5,0632510649745bbbe471116db745a58863c36ac72496a258d8457ed33f8d5ef1
a670.mp4,822445a3672b02c16ec935aa7198839e,5a17b6029e42cfd70559ea10490cef43fef9968e8bb9a3767d3f43523e228539
a671.mp4,96d20b74736ca1eb566eba80baaca2dd,a9cbc6c81b79e7a0f8f5787406cc2e045d003fcfb36a6339b1ff86e898a73601
a672.mp4,d232cfcd176a1af779ac8318b050153d,2504489f66cd58e9ce98d01e3ff2f7e1d7145d399a856d5360fb74693bea9b24
a673.mp4,457e6a1e73a40cc99d9b2f8449120feb,3797f83fb105cd4daae93fa5f96fbfc59a8410bebe5881bbe0464bfe7bf73c61
a674.mp4,1e9cb468db1512fa46e0941b70b13d78,d051246c4ac9ef4f5b5514220cf648b467034ae50a4f5e209664c2233892a047
a675.mp4,fc05ffa34135521aa9bb0a97001bdeb3,e42398b3c256abf7360411f65835c5f6afa3115a029774b4af2255d62ada5d0e
a676.mp4,afe77e086d5405417dfddafe27949bfe,8bdd5732803213de6e9ff7b0c4b73d18ec5aeaa2298267b8e3d093cd98aaf924
a677.mp4,70672b35431f9870d92f80d10daf0b40,11dfc5ea5431320932a22c194cd3a6b5c9231792094fc6c20091e13f80048587
a678.mp4,0faf27427d6ed08bd26d13e09468bde6,2257a8a7814362c273bd0784f856337822e4d055386796826bfe0b18cade64b5
a679.mp4,5e53c6ab83b3b1bd54723c946681faa6,c3c6f80eed43e792d115eaa9877925194f7087282647391721f8aaecbf3bbddb
a680.mp4,4bebfacd1a0de9658bc9936297e95e91,7f07e60c41c0bec08b0c5b9d69be8b8f630425ac0f5c99d1bdfba83bbdf1b902
a681.mp4,db5acfe942e1fb4a6a45688e619cb796,a938e6a1649ed5fe09e97fe2da05212b518525408a20c0a44ed2f8629938c625
a682.mp4,ea7d9854d74f7cdd3982e9ce6d1d4742,3e498f9524b6b1f27ea4e71027194e417621f9f7ca2fdcd87e45c260b62231ae
a683.mp4,594eed0c102aef73944edefecdeab32a,347697e0fa4cfa6fbaf433275028210ed854ba548e05637938d84a0a3225f33c
a684.mp4,62385e654ccecd78d1d0b54abe00056e,6566f17c2b540aae3ca34bf479538294ffff3464b12c3be5a402b47c9eb08e99
a685.mp4,f100a03645825613261b816c9a8a0351,32c9a3c25b1c93973b99ae09f2e86cbc000c5aee30e88d020e9c9ae1357e3488
a686.mp4,23084e5973cde897b7f9c5faf1d8b0cb,e2e7175f806409746c012cdd72bab2c5d8a01819bae52f1c2d19ce8f6387f398
a687.mp4,34969e8abb6aa3606ee1829a05e65437,a4035eb63df0c2728bc4a18484161a6494a11a8635916dd61241c7be6e0dde98
a688.mp4,6d3b6ee0a0296da69d6e696831073ab0,f6131af55cb464921b8aab7cfe5eab529762416a16c96549fe2dd7037a55862c
a689.mp4,8c6537b1f748297425eebdfccc094ab7,76329b3497c0ff2f714ef1e63e067fb3a4393a090feb6fa276a12c3019353f14
a690.mp4,92f38b82d600f83c427f5ad85b27525d,6186be3e090bbede5eef50b6ab04a772c408da116e1f7f75d41bf9d42b1ad5f3
a691.mp4,3d66b872f2828e7f9433b6fd7db780c1,e5404a8b5f3a8281b748d8ce26ef17b5021936d3da70b2f30ad81c9af35f8796
a692.mp4,69c6e77ff289f2e143a6e7d67a365107,28dbacd6206647ddc60b51f5015f3b3f88807f7bf209525064d5d6457bd6cbc5
a693.mp4,627b6eccf7a712acb7008c2abeecfd93,0eb1a1bb555e52ccc76bef5241035d5fb0166788e46f2ef2a00d666c854cabdd
a694.mp4,91b510f27500f501ec8c9320b7164593,7b8a1734a900831a909262ace49a8475a0ee62a9c1a60e26c3e1afc0be184713
a695.mp4,5e76bf34f7262db984058cd7e13da7fb,3ef4023fc9a3cdf430247f07e7af941a1125ea9a1ee9d4b8e2e0e591f50d484a
a696.mp4,c4f2b92f32c88461119c562fae5d628e,6bbb7078136227c7d650c97782a2e011c77d18c45fb9852d0f2ebd11f4cd30b4
a697.mp4,7414a2fe6220bd96d921cc751eecda06,a7c04e3bc7e101f0e3ee74520a04a285d1f5734deaafa3d2e8b29eae8d4895e3
a698.mp4,b7177b8a89f53347ebf23981563845a5,fe0948bc185500c22df7f3825e702ada6fbee678cec674f3eb8db40efc24fa28
a699.mp4,25d79c21f3cc7494e34c8dd1359fd7bf,6a052032a7afa718e29509a03ba47356d4490911f3e0d2e0a066d87f78a53ecb
a700.mp4,3f4fed42e6c776c3e29c7f6dd9cf3512,f302b7e06bb6bb111bfe136bcacdf990d18af834de821f95826c0d2542864256
a701.mp4,7828bf527696a18558a440c150077e37,dd97f6e87f0f9269486019918d24ea1a053fb4751a2698efae731453fd8fb9d4
a702.mp4,555880f291f01c68629601ddb71bfe3f,5d08e228b9b5d8a9b96fe8bf3af2498f0dc103852cc73d45cf419f661b0603a9
a703.mp4,68f5cf04ae0c5456da0b001cae773c9c,7fd9838785bf2033af23c52b49d9337e4cea19729bebe6a71a226aa043b91308
a704.mp4,68ffdefb364dcd88fc934b436c3ce6a2,513244e8900f7ac97f29687eac326a27591e71d3ad738c2bdd908f543363a55d
a705.mp4,8d4f34285dd13a628e32204bb340017d,dd04639d40a83fa706e40f8e0888a50ab1c7e44d669a5ae0d81457381566eaa1
a706.mp4,f1c7a65eed0f2726c9b331b157172f03,8a068b9fab6fa8ee6ef93aedfee3a465c2c006369f0216c985ddfce3c5733eab
a707.mp4,9031fcfee46147f07b46dcc70df6d5a7,30d3df43707a86de1f80503c178b816b324b99878d961a077f8d4302aa024be5
a708.mp4,1eb2f277effc36dabaa193d64ad4ea77,aa4a4e3ff14b497d6a4009394e9139d072165b66f463fc7a9a3bbcc5c7d7fc6f
a709.mp4,381ccebf0b8479553986fa84a097893a,4b246e4350aebfa703c4a5faf79969d814d7384bcaf96725a380ca7678239d42
a710.mp4,59fd3b37e34fce1efb4dd82ff74e5129,b4192bda5e4e977c8a5cace1f367a3b8ebe4638372f82f14cf30f66844fab2bc
a711.mp4,8b1aded25a9c330b734c0e9ba40b09f6,dce6510f76ed80073a0eb670863f9e91ca3a2d1bef1c05ca0bbb1ff367798950
a712.mp4,9f448a691ed85f8dcb3043dbf19f04b7,fc6b74247aeb07cccfcea1687ede0af1a7aff0b6250c6237b0f58c2f42665667
a713.mp4,48cbee4d1f59bc56a121d43f3fc55b3c,dbf0a36ad2a116dcc015a95d4f08af12997144f25a1a4f62871465c18b08c114
a714.mp4,a503f46a3a05ab70c625f4919e535351,1dd4a6fba7e8f66a19ea3f016128203a1a49b759957e8fc289d02ab816712a8c
a715.mp4,b9e2c8766d8e60f3af8fc227086d4fb5,aa33ff7098b500185ddb33201ca67debd9ad86478924c5747893bff6a0e8bfe4
a716.mp4,1191934bff8f81e2d5fb8832440601fc,9b87d9db076c16830a6ff3f59da62067b9dd755179f89244279826f95e4c8e7f
a717.mp4,6d7098d256a1d4207fc33a3c036ecd8d,f79f0bb973a288c7e7342e8929d5367b191cec02576386d2fb326df6c9bb947b
a718.mp4,505f920299a84afeae4b7aa1deb25574,210c1a3cd9f1767e5cbe23594166da6cf7d9dd0373df5eb0df7333afc656b190
a719.mp4,c7eadc6f533da28df1d6a58abddbdcf5,d35997ed4c468c33214e4435fa9846d61b22a28964f91ff9b4dc755b2432ee09
a720.mp4,a0f728715ed1288857df3f80e7d69ce7,332d2ae34ae7cdd291e1a1b9039ce1b8062cdaa5d658393dcc05c72b02374b11
a721.mp4,956fe98cc6abe86013abecd20a4b63e8,3ed2c3d3e49affc6a39d8260d8a18fca65e9cbd46e31f053cb916a9c621652be
a722.mp4,3191a2fb77aa3c06f4e18355e0b9ab1e,9da20630e24244db6b1256e12a7b60dde504575864d0ba4a4b5fc9486eca5f52
a723.mp4,b65fb7055599f47411d50955bf8dc1dc,e0c4e971b0b7045106828110555e65d90fd89c5fb41e54902999045c39bc09a5
a724.mp4,ba633f4266059d36270ae32dbefbe9d9,52c623c684e163cec1b5dee45504189eda6cf590998cac2210b564e58befaed8
a725.mp4,739defb84103fdf0bbb40988753fb439,eb74b2b740e1f1fe45b23a2717a21f19f922b93dace7995d8cc38f52a7ad590f
a726.mp4,31b31b05fe352d7c8e67579a6e7057b9,e131d1018406b61398504b305d0c46a682a6d740f0493b5dedeb7a0ce3d5c86d
a727.mp4,bd87e12f102b1fb7d92c907b7b022bc8,6647ffc1514f16e953f6dfc4ce7e57ccfe440b63b295d285c4c0b023b1a93e95
a728.mp4,1c67f560c66372ba67a5a2c678f740bf,6e3cdb77b6fbd8e831bed04a89e18fd5edf6b0bf18199c8631a3e0ab3f8b5e34
a729.mp4,e0f01b5a1944f8840a034edc400e29e7,824a6ec3a0fab3a89286f90b2385f1f99eef6e4e74ba4760b58c7e511efb4de2
a730.mp4,a487a9b6cd26839d84eadbd6d86c9df0,e0622711f354e25cb85237f98be243d5a64b04c9cb3a72966754079d3dde000b
a731.mp4,e8f49a4f34e4e05045f85a7393f47877,599ae811503932b9020e80359c263e37c83e4221139c401f815462670be9f523
a732.mp4,fb7ee4f4e8966c6075e35c2dcdfd1c00,a7ab070db937fb82b33de47a845f2c8a5e78c7a5b775788ddd03cd162e9757eb
a733.mp4,d8bcf1b849e3ef70ab6a79f057ab2326,a5045b95358766537e86be82dad5f0367b54d4eecba815c66b4028da113f7b7f
a734.mp4,88155cb9c35aa3d6189e16c4184bb246,538cfa47304d2e80916fe1a059db29012c8c843f57ec7c9960daa153c91ccbfd
a735.mp4,3c797d642fb103084e880f7e326a2ce3,3f3c039d38018668bcf1c83a2d1f8060360c4c2a635a6a8b6403f5fddc6f2e68
a736.mp4,da45ee310be74bdb0a1297462ae7360e,24800640c889918f5bf89ff7b6f4ea552df5a5809fbf436c55d5264264e80a8f
a737.mp4,5a2c853b88f4bd65f52f7d7b767739a2,413c9c88a2b9ca22523f0203b38af1540b972a1d02946bfa52c1397463a15e44
a738.mp4,8d67b5f609bee4e00692516d6a51ab0f,e6d741567ba4e4e719d4b3143cec5c84dd8bb1c8e8da3d1fcf91d3912a44e5d4
a739.mp4,4b10beb69707eea0e03c84ea051560f7,213e3c6e756d734e6b3bd3ab232f7f8957150896875d572a921fa5c61252e283
a740.mp4,82357abc45af2ddd890c24940a3b59da,a236d8fb5fc8a8e0b7d55de14cb877445ad783deb40bd3b60fed7887520b37ea
a741.mp4,116fbba3e352f7a32a6e17828a767fd0,359514a536bf76a18bcca1b63af7fbf31f2c6dcf02269e7bf5d0af8acdb0e807
a742.mp4,8548916e69623fc52a8be9b32ecd8cee,f04bd9ec68f44f27b0024f07148fe32b2fbaa244f6005bafd0806d324b0ea5be
a743.mp4,315ab8b86c123171a1782264a422e23a,0244eb5bc50ae51234f05683936a4e2acafff8d088a15bde297a61ceb9c59cb9
a744.mp4,b2a789e26f32e4ff673b80ac1c7bd18e,da7e2bc3b6b96fcdcb8c6285c35e5efa9b63e481cdcc1a4b20595253bc4e41c5
a745.mp4,88c9d71c70ffd5a42e125ee887a6e534,ccefb6fd1155209ae005b0fc183986090a9f18cacf3995bbb13cd6c8874161b3
a746.mp4,c6a625596e9e0f8acb327e531373292b,c0ed1bee5dfaa905f967fb171138db7fe9fea77ad2dbaae0dae556cc73395412
a747.mp4,6ed0bfe715555eeb18fa863f759aba9f,3de97e40c94f850a21d7ebe57643eb81a90b5c632bf54357f00f9f788787f893
a748.mp4,4539278132cf9c4b3c12b09796eeeb20,9fe91ff0e3ebad83752b1569b38f6da80b63e7d1de7d1f61be3e42a6515f01b6
a749.mp4,d1b9b713586b3c6fa3fce570b5705861,9304b02fa563024569cad63a1942c14364409c40cad5878f5906cfbfb07e6ccf
a750.mp4,b265f89425a3270127f347a7fcb6a05a,5b0ba0bd63b4ef5fa4c61a90f55ec63d964228b7b19e24efad7c12717d1f1028
a751.mp4,e92d1858a053fbb6075e1bb95cf0b734,ee554e1338a1256c155edd0866e3f13208ab33173688909cdd4cb265ffb8acaa
a752.mp4,b2885319cd3a265ca60d4cf4f4b92dc2,54727811e6db4188c697087bb1d0055732f38e8d0b3df31106bb18469c5f2a33
a753.mp4,a97b7c90afaa929fd01d46d3d196ff83,f4e9ed479133f15b14a81e8a7562b0388e8dce9de4d9ebb66664b19662441206
a754.mp4,556836ffd20faea136c126a691c69483,12bcdfb7adf9f4534cb02dd2215698ff0f2bfd062f56b25c53dc098071907a37
a755.mp4,c03ce199111f3fb4da7e554dd38c1a2c,5a0bdab81e39e9ba8d9b080093a38980ffc6da73c7df6c852b7d5fd144b1bf8e
a756.mp4,ea32e16a91f6f2f0f467198341fdabd7,178ffae7f2ee944fd6a09e389c2c6c13dbd2d03b04ad342eacb5cbd698d63b06
a757.mp4,593c2ab5ac5c2b6a72c079c545883b5f,126beb10883dc8f72a203f70a48ce3f248882b078a63c150a8a50643c8900ecb
a758.mp4,6fc13f82c8a9cb9375e459eaf9832d66,046b8b52f3322a5d0bb3511ccb7e25e3215253d557c732f6ff2fc996470c0c5d
a759.mp4,996bbdd3696054e8f3b50dfe47b2cd58,2d288c2507421ca9092b191e5a7cf74684874652fb92de9adbe73dc8e2b8f842
a760.mp4,1ace0d3a2594bf7e61d061913cfa0c97,aada33e03426be06b4fccb2fc425ee36b03d9cd3d75580b0bf53a7668e7630b4
a761.mp4,6e6d467cb1e7a07f80cf4ada27537cfc,591856de1c96fc7551c3d509543ce48b9c2aaf5dea3575e30dbe78d27afda391
a762.mp4,5155cf55d0d37715d6b766d4432bc4b1,ab2d370c82af30f2cb967fa2972b8334f4f4b8888559145fbd9aa7626a7d8275
a763.mp4,c214387d4cf19343a32d80d5ebd110f0,f1d6fbf5d6e9e5ef789ae1a06aba65d9eea42e38a7b5e98f642f41d75b582357
a764.mp4,cd287f595044ebb8a0c63cf094efc4a9,6c0d4a9c56eaebad7bd2b9451c9a7a9e7de350ec91f5b6e8a3e33b376b1a05ff
a765.mp4,9a6fbd1ada015555030c29e2ebf7674c,a60d266427c1a06d8963c65c357edcd740db4cdcca9d7f685bde7b45cff27e71
a766.mp4,ead53cf79f2d660e6a6a20fb2c324ae2,c605123f0f06f9c99ff03d6d1d1059cf7e7c47e742421b1fdb426e9781ad1816
a767.mp4,f78989402959a32b784ad36d7ef55fd0,d80f6fadb53927570434ac5cf2cca9f484498cdd7f38f5f3278e220b4260dfeb
a768.mp4,483516d8af2830e3af0d68ef3ff5f441,f8cf574d7bfe93f7040c335f8ac9bfc42f8ce39b3a8bce8d504611c48de6f70e
a769.mp4,ff493f5a04e94524ea7f102d88215c53,88285653f6d4a69631681b3137958c99bf3d6485cae3a0ac6ce50856e106d223
a770.mp4,55fc1a8de70dabc0aa2101353c100cff,7b29064a095ae24d9734f39cd580a0cda095abe2cba58fd741b75291bce87e0e
a771.mp4,1ecc61f55116e557477fe5c6cbd5083a,3df7f5dac25ae292697b6c37304ffee47d6a7fc7d6bf06dece1814fd7ad908ad
a772.mp4,845f005b5256503d36e89cd344cf6f28,0dc692874c38022efec9258921c4fd0ef31919a2779f924875a426f8ee38ff3f
a773.mp4,fdb9e825f2d08986f40e056aa3e322bd,69604aff8e7c5dd623867c108de6e11bebc1d09a8489cd69a7afeca2c4e7d718
a774.mp4,b85a17b8eb5a8c11a60c17000386a3ac,dc1d28ade3227867c9b740449db5a47f8f3947d2ebbd9de26703b08f4f113340
a775.mp4,0832f10d786368e79bed41eee6749504,accd462c719f397edb867b55611268f98db16d05b0f0d3bf33214dc46ea52e84
a776.mp4,7dd8d4300baa0b4038f1e56d5dffd290,c506a89c0dbd14cb985b36a003ec810f7f5493cec3e353bc94cbe0ee3a1b45c4
a777.mp4,aae65e7e76c49d3383b9638d1404de5a,bb475fbce10b4d467401a783c4ed34f4be7357386fcb4b936caacc8d1587f1df
a778.mp4,97fb217e1944af35d8f43ee8d7a4bd2c,66c512b056582ebf0f63fc614c185312edc097cf5de3aaa014e3b47d345394ac
a779.mp4,abb600d3d7306f3baf194379c090554d,f4713d704f8891bf5f6abc0bc971916523f0a96c5748037966c23037bfd9f356
a780.mp4,2c7e553565fb9fc18e8dfe3544c5108a,7d900e1f6e8e29a3ffc202bd2c7f581a8d64834249264ba4553c82a330931084
a781.mp4,7ba15d5c269df987dcfd7c1a03b06439,fbed08e2f784a0265711d0bf73461e6c74783f5936eeb58072a139c77b941271
a782.mp4,853597a6772d69f33e382d6492000ceb,dac7eb5ce7acff1cb3e4dcea1b6e45490329bd72f62da95dde8ba0a98ab6a9b6
a783.mp4,ab1b8e08b62c5cf99537af357407215d,dbf9d3ab5dd52a1e39b7d55d519429a2eb52b78c53ac98e600a2d50257897306
a784.mp4,21ac2204ce2c1eaf664764f2f771a4ea,0d1c3a603aae273319933f830f490539ea3209dc0f3129af83eccb8d50b36d8b
a785.mp4,95bb97a2ae1b81f38ca611fc899a2bff,2ec5f91d2ce791a3b0386077fe888d541d23c92e48143ac777fe68a32df0c37a
a786.mp4,8a24f5973f215df7472d8f755320abc5,3359e431efdfbcda461fd12babd9b78bea2d4d4a25da0e974b8d3c8143e8eb20
a787.mp4,d72d31e595e070e6bd7fd309249fdba2,2cb7ad36d33e4dbee37feb1c50fd7e61692b1e03b7ca64bf3052d50f414872b0
a788.mp4,1918a64d6c0b3a8cfc2eec9cedf98f6c,b965f213cf64c7a58b310ae3b527829b3666283e813b7684c115204bdb6c6a9a
a789.mp4,8d872969c23712a9dede49b2e8147b48,f0e0ec8b3f0bf258bb81fc2c9a65e7b5153bc0c053c8f83e66d3c6b2b2af19b2
a790.mp4,90436f76ea32c42f37b43c76f77452bb,9a3eeb2bba500a635e5288013be191e77b4f628d67b7db741b8a8fceac01203a
a791.mp4,0336f353d3084b3a0a6f72d93bf75fbf,b407dd9ddef769d3cf7ebb392678ce79ce782fa21377f841222be36fa514aeeb
a792.mp4,3a07607216fc0aa05ac83ff76f04a0f2,49290c7e143d6fed411c6ce4e905317fe2884852fc1d453b97c72672ecc9ea10
a793.mp4,45e312ec91b7f13beefeb3c2fa6b0feb,fb9a08dc6f46b72aa264703c13a6fdd248fc384b0bb23036b413d460a43d8f03
a794.mp4,9df0b46050d3f4c4af91c0daa24ac56a,7ec4dff33028e9fe9ac208d702b7004a14f298b52f5a53ed4d087b4af2420f40
a795.mp4,a4de66a7f591e3472352240f2ff953b5,87f847f11e7ca072b6b5b65e7e3538644fe192a547fc68d1385e610e568c1dd0
a796.mp4,8c501460b7f4635e357465332e48eb7e,db8e9e26a9bede76f9fd20c4b293c3abca3f176c971c83909fd50d9fe9411952
a797.mp4,1738f61968dfe7dc20fdc4eb08504dda,67908c0f0dd7f84f3ccd9b93a0eeae09110491dc504cdc6d5bbf4093b8566e01
a798.mp4,20a93cc8612e10ee86dd7f435dfaef5e,8a843464f9c95825668061513c45687a7e0d5e23f8adbe8e0a239132d5979384
a799.mp4,f3c1039ff66d48f217b619cf7c601781,df2506513d4287529bf6958aae9c1e332ffde02c27e485684afdf6db28961e1f
a800.mp4,8ce0da9e9e8d2b08ca27dd6942293cd0,7e1c8d7e3f52b9f3a0f75ca8e3d1cf4c47c25324732fa4c59ad02517e0cf33eb
a801.mp4,a57cb4fb92a88eaac24765b445731cc2,9f6f21a901c23d7d39b6034f61a3cc1c5158f52570c8ad0617c464e4ce2ba3a3
a802.mp4,83c923d6494b95f0a9e8c00ae0daac8d,0c0fa4a09c61caf7f64a37ff0f1eb0d4f4f9f65bee830c7e2732975175fdf48b
a803.mp4,8dec582a0e112cb556a298a906aad33c,befa0c394e8c9ffec01950afebba061666df2be2ab1204e8a8b0c7287d7ff07e
a804.mp4,ed626f1a417aeffd83c2846dd61f16a9,1f81dfe37c1c8b638a3527f04664d39be1a0b971bd850c425ae49028e387b160
a805.mp4,8ba1f5001ea80fec64adbeb5c4916eb7,915cd0094dac942a16d52e6e771420ec3191112f810f7a5878e30ca184a45583
a806.mp4,e5f19d5b41b983b23d9c1410f63d7816,0acddb708fb0078ab78ff2c42b4f86830e1a021ea7c13d2bc2f82a45ab8ffdeb
a807.mp4,b857f5bd1dc8f6ad4ae705a3c9ab1044,e67e0a0c7a546c84ada162b345116a3e38a0442964d784f7615239831f48e68c
a820.mp4,1ca5392a8da7ff713a961bed35d7ea44,c09931cda25956bdac576604e4a55e8db634e8c32e7b057b655e951401005364
a821.mp4,474ca6928a5f351385740b322464eea8,3482fc5082bd77452d7d84980af680d390b8a52d3eca51a63589ca3535b22b1b
a822.mp4,bfde3bd5ef55a53994e978237ebf290a,8e5afedd34b758c4247c11ba9fc11dcd4990a13866c86e5059497eabef2beba8
a823.mp4,4754365131b967deae84454a6c46d301,f319670aed5616a268c11069c603af5c011a0650310b9b9983b28b47ccc4619c
a824.mp4,01cb96dffd41c23444986c5e2c9f8db4,1fe3f668a6db4242c36060ad746274377c342e77c6892726a675ed90b3a8bdcf
a825.mp4,1e27f51a718777e7ba4e2348fedac294,b06a4276e609a69a08f407a1841801a196b132959877f917cf0891a41c0e339b
a826.mp4,924dbcf8594319830b0c9285444acdfe,ef9df78b04e54a858ccc91d4bac607ae9c51f75902e51205d6f75696ef8f464b
a827.mp4,82789efa8f6ddcc63ffb89af64476ec9,4610b00b1fdd2dfd7bb962d2eb30c22acbea2014a4f9722280bf43d57cb1399e
a828.mp4,9700816c001b5b78935f8b1bbd81565e,7ed6eb20da246a3ebfc9402f10c710afd8776af84f581a23f71df356b2a3b31d
a829.mp4,d2213bf364dd96976ef180ce52fc4158,945a2f54c5dcdcdf19c9483e0db8620f68ddcf9ef58d71c88f03c3f4e69058f1
a830.mp4,d45c050e6bed5745f2757e92bbe242d2,0ecb6e61f38fcf45118dff1ee7e8595718134131286b6a6ae4425d4030fabb11
a831.mp4,f6e46fe7b3a1d7ac2ca0993c476b8e33,92b7bf0be1c2593e10e6c156c600064f482956a9e0aa4bdb179e930f6390a6a5
a832.mp4,1eb011e69bda6c0de799dc339ea32fc4,4b9bf3b56933e8c0bc402d915931795dd5cf972c2d135e7a17fe25b815e574fe
a833.mp4,dc0672fae8a0ae766b225edb22110a95,385b38e965678755a333036fe3269182c5482f8f2f1c60d4dc7ff25c189a8991
a834.mp4,081c8561493069b01b5793e80e84a605,7e7a0621a11db309b07de5e94c53d43a592434f2e8851fbbf786218279f00e44
a835.mp4,a0a1f869f7de0f0a9da70c8ea580d11b,d596e1a25b0ac38c5787b84724646fecf143824eaf1ffd283785b371d4766511
a836.mp4,116df55326e0fab2ab1891ce87daaf26,b8fd17114db624c3dcc5afb4b9c9da74173f99e64f3e5010f3eebf5005c40bfd
a837.mp4,d2d7163d2ceee556779bb1868e5c4c06,b877bda9ad556a40479715460ed3611bae41b06a1e73cff92ddd10ce7bac248d
a838.mp4,56ec50608ebc40469e8f8cbf80674332,33ba8cdcfa46c1a6eaa14d04f3983587d969d0a380024b65b0e8cfb74734c1de
a839.mp4,e7b79b96c89bad09847f565efa06644b,2c3bd50200c041bf43625b6becec1fb9fadf8b29236e370e94b223125e312a37
a840.mp4,01f86cc9cb81516f9f263113021a851b,2688fa4d9e032ea8ea7f6bc072d8780e1e32ff0610dcda0d611ac0c82aba4daa
a841.mp4,7abbb97a07d327aaa010a22a017af22b,3542e06acb6406fa58f754862b16ecc5f6ece54529070af263af301504b47862
a842.mp4,976124840e899a14d48da9c8dc06a2f5,2d5e1368879e67310119da7556f7dc42e9a07bfd65253b6d1da375b8d1062ac7
a843.mp4,579a8bf02dbecc81ba9e924d3e443766,487f007b53337ce3fa7b0660f818c39185fc620fb929d9c2634909daa43d69c0
a844.mp4,172162675c35f3b155fe861c1c07742e,4361df05c4aa1d82f6804afdf87b309ecd4c9194342f7058b1a993dd7cdb0d76
a845.mp4,40da11bf22cb9f9c6bc69c372ef54a5d,16957bc0551dca02001a7ab5fe610dd1fe4042a50baa82e767260973b4ec1381
a846.mp4,3807d23133b1bcffcf81d260f95beba2,bb449e9cf153a09311bccaab248ea567f89230568729d9b274151c67c7e33d80
a847.mp4,c8f8bd5e9a31758fbd8c5e1ccd810833,e0122a485c18dad31dad2f9f63181eafb208b8d7316a6d0a0653afa3253c9561
a848.mp4,540e01370639fc1d5af19c9286156d27,9363e8fd79944366daf780fc130a18dc8c26a4991b01163dbba50876e3beecfb
a849.mp4,919d1d82f7935d49f45c9f2e66db7988,2f6a18f97253e2c16d315fc841c98dd845827d4ba1ae3394dad0c4d451bd97ad
a850.mp4,393948a211759570537b4f3189749567,f4de225b9c240dc97b27739cf0ed418882831c2aa6a2e79767ec5eaf1a19d435
a851.mp4,f7f1af4eaa30d1f127ef281ef9f20226,8746c88a31f996be262dc3b29acc548482f14137b5fd0b7fb2f2405899c2fa10
a852.mp4,283de1d1d8023398e7e37528c8e14fe2,3bf6ef02a1a3a83eca7e6e0fa52b6e5856fc9013b72594c438193ed5eaba63bb
a853.mp4,d736c111273f090ad48837472d5e1c51,f77248182252eb25e08ae71e3ecfa77295e4e68e527cbe4f1373d0501e016e9b
a854.mp4,f6a76fca15c7440eb834719a21b0c4ad,68c4bc7058463c278e134a0304f8581818060bea53c405573b7e2787aa04afe5
a855.mp4,6c3fcf53bd9892ad0319f73c3c41886e,e67204e302d7e4881c194f7243399bd07763ebff68bac907d19442503f0a018d
