Name,SHA-256
avimg_1.jpg,385c7f9aabb8025b02578d59c35f67e9205e596103e81f090bdb71a75b6a404d
avimg_10.jpg,8b82d4330a85097d0dc45849365e08850e0e934750c782eb5707d3ae5cdd9561
avimg_100.jpg,ce86dc514e5b1bc86d67eec5dee97c848e0728fba9754370789ad10e28b0a90e
avimg_101.jpg,9de744c8d831464e4378f28fd805283f8c6fac48f2fc479074a792345db6b7cc
avimg_102.jpg,f276df9d167ada71330294a0e5d9c9c3659f49402d4d5210ab69f86633928913
avimg_103.jpg,a4845df451a3c5840f39354183edf8ea115a494500f9ba9c8ba41d3258233825
avimg_104.jpg,f8edd10435af538092fd90a4a6c05ce506a0bcbd24818943846adfdf6fc96d48
avimg_105.jpg,44171bcdc48a508fd7abda6892ab27aea526a517ff7437e22560ae8e9fad61b9
avimg_106.jpg,43b89a613537983c9e560e160ed36f6c88637ee06ac342a4645dc081b91b7336
avimg_107.gif,96b35ec110cb5940dcc66eda7790099d57c75379ab2527c9d7662f107cc238b4
avimg_108.jpg,0f0f15a6be17ae74b874989ee575eec63560d0cf4990a9bf3bdb3e1708a4cf81
avimg_109.jpg,c279796e9304d32784ac398d740fb3065d461176832f105f19e76c27949af7fe
avimg_11.jpg,b172deddce89546a372b852621204ec000c94b6ab207e0c525e5ef4643ee0573
avimg_110.jpg,d66b919cd103cf63c9f512b896cd0278304441082b8ec1d6cf2802302059475f
avimg_111.jpg,8e86313d27e3ac01366de222e99651c25d885b243132b2da030de0c4051f13f3
avimg_112.jpg,4305649145cc0981b8ca130a657e5b3f74433ca77988e4e166f3dc3f8e7f5419
avimg_113.jpg,7a22c9baa51c27465ca354e7d0966760a09118f2464bb5724e9fc1238e6e53af
avimg_114.jpg,b4cc72db9dea3a2a551112db8dfeaadbdca855345d9451597c74f95d5be1c303
avimg_115.gif,977385a1363a04066023f7e8cae7a64339ec4882f220cce0939a665a61421c44
avimg_116.jpg,d77d7277b429d06aea68244a77dd62c68a1076f418da5c74719c159f3a88c8fb
avimg_117.jpg,09cddc06e2245a05ac87e1071f9aa07199873421e1b79c65270543c93fcee3dc
avimg_118.jpg,9f7241e15ab6572487a787816ffe09d8b2a0b3ce3a019d0c33b6f730289c0931
avimg_119.gif,bd25717a2f18df25046b7cdd378cba729e05acfd69635edda44f5a4609d3dc24
avimg_12.jpg,2c1481819daa776f3d95d96d75558f380e0770234f225fe8655c1676d7e677e4
avimg_120.jpg,00409acc4fc729b8d965fb5ec084b5dda2858fd47bb24dc10e17430fd214cc24
avimg_121.jpg,050fbdc9731595a09d9bd82256cf638a318fb91926f3da48b66bdce2813e911a
avimg_122.jpg,3478b8768d8b012d40f79bdbcf3a3277067f024dcc6ef4b8ac78aabcb9f43301
avimg_123.jpg,2b43cbd403072a27a692bec4d923f1dd32c5332d6a741ee08eb9c05c242507a8
avimg_124.jpg,a6a16ab118b6c4fc8358d1e182dd8e532a95a015cbdf31669826c47057b42e43
avimg_125.jpg,e85332ec8bfc8c289f594fa5f0f5c898e5cf140233917c50441505a05769f1a8
avimg_126.jpg,c4cbb2359f598c2a48e9b5894af461d73f16e95c2a752d73922b3c857e03caa0
avimg_127.jpg,623e0e8842435d0328edf65c618bd017e61e9d6da74d467b4c6a145d5a6bcb86
avimg_128.jpg,598fe2954099e29e9b05341d61d4503f81be0d404a90ea1eb1bd68aa20e5dacb
avimg_129.jpg,cbf77489f6b4734d4288c062f8d3e5cfcf7499367674d04fb25f9244530b996b
avimg_13.gif,eafffe863cd373997659a74c7d6651f51bc97cff0015dec0677a3da77fcc3c32
avimg_130.jpg,d75ab54f2601dc4b3e2cb58ecf051f0782ade78b5037bd25f65efd332caa4785
avimg_131.jpg,719ef865176704b4bb5f12a1ae03c000b1b12841c9a3d362adc534f398979d45
avimg_132.jpg,4083962307893e5b2c9a9b356b734c342e8505d74fa2d836ca59e85e9ecb1831
avimg_133.jpg,a1b4a1cbbe460f7210784dafe765dd336aad91a42dc22684e454ac03987526e1
avimg_134.jpg,0d97af66f8d95628bd6f780e6ce0ea73685ac152f879e01969be148365c405c0
avimg_135.jpg,2f18dbf4883d0b76142d5fbee9ab3b0154d60f90b1f7f438fbc947e23679205a
avimg_136.jpg,4778407d49d960a43bd337c6eb8b5e5daba370e3dbb3e2b7235a4a2c9892585f
avimg_137.jpg,c0bf3c2f6d2697aca4454cf2b83567f18b73bc35e42724e4c259ca19a4d1602d
avimg_138.jpg,5604c795c900136fecad21ed98c8dc4f8cb20ef411481a9bd0acf807801643c4
avimg_139.jpg,2bb30792be28f82239e5205dfe2131da0702bcfcef30dca174f3e831da09e275
avimg_14.jpg,94531582da6541ee78920ea7b0de5f89902a82140849d105f66ba05528bab97f
avimg_140.jpg,6469c6832b892c2ae2c2e4a65f908e04a3bb24d51e737eb03d377174268fe9e1
avimg_141.jpg,7192bd44e18ee342648a4ce7ed8d4f91640e11bc523de010e2ea9db66d58bbd7
avimg_142.gif,e94f51c4cf2ffdfd4a5a3e0391860c156346583f41a7d63001b5a06942a612d5
avimg_143.jpg,fb59e8342155cd372dd43a4093c43fb1265a72a38cc19703e51cc58b57e2af74
avimg_144.jpg,30f16ba3c4f85c4a0a6a1f9922c4e40eaacf2aeaa0fdc16cfdcbe69cb3951bb1
avimg_145.jpg,d0c9e33fb5de5b484b3bdbc56f64c6e45b8bc9476a9d9992f2838c8ff8f199d1
avimg_146.jpg,16f343ca0b1803185435cf0dfb54caf93dec37c3e0f39f90a23d1c2f1457c844
avimg_147.jpg,8907548daf522744c73b214abfa7db85d71429630101954b2bb35c826b48b1f4
avimg_148.gif,72385850a1c4af0f671b1c29f9661b6097f02602c480732b6016513735e42055
avimg_149.jpg,cada82cbad015ef3a0e1712e13a427cb796ba2ce9a54fb23ab88a575d9d7d8fa
avimg_15.jpg,9a79fae55b8a3c0ed2743bdb52a54be2426403bf80019d6a0d10cec64c98d893
avimg_150.jpg,7911ddac3fbf02ddbadb6765a2acaa0d85001548294ec4c5f8dcf2b70c01e444
avimg_151.jpg,eafb1988f5cb1d49bdc49b44856605e7d6c455614faf0a59cabff87a5941b45e
avimg_152.jpg,a2cb49c2687ea4db8fdc3c69e7c6c65dabbebc89d594dd4ceba7ec69d0c71ed2
avimg_153.jpg,0948a863edd90699d7caca02506b77d91632bf9542ce2fb40f4724bacf1831a9
avimg_154.jpg,26524de57dbf6372cd918242c2a478ed4759f8edd62a8a50951ac196bcb8453d
avimg_155.jpg,268b02bd1fc693941b51386e9745791c9c720fb0ee6980b7940dc71ba27c94a1
avimg_156.jpg,f37ef3c6eff9aa7ab7e89c91b080bd87a801c9262423cf63934e566f81b121fa
avimg_157.jpg,f5937ab46b6a7bc3295ba26f10fb691d75bbe5756c767c53b4dd64e839ff5018
avimg_158.jpg,666c92a60e2c162b744ff9f9d871807e0414d6c65f8222406e78a167b82099d8
avimg_159.jpg,068d0a550b3d72a1430a1721d9730a35737bcee54096e208aaaf49e70c43e20a
avimg_16.jpg,82f300e85358078456ede1e4be42d32c696c48a520fee1a4e263d764e251dc53
avimg_160.jpg,5bad3dcc111813f4a9f5bd2bebb2f97add1718af164150dc460fa716cf345b93
avimg_161.gif,1f2756acd2050e2b52cf0536183e8cb701649580eedf7c282836c743c443c558
avimg_162.jpg,7e8c70a755cfaffe37203b5331feae9c0d4772be0dd26dccf53ac22be51050e6
avimg_163.gif,2bba7fe8944b4fcf2824580cb1f6b0a6b55374f99b794ef1c20009d854e13345
avimg_164.jpg,6661eabeca8d7be2d581c300535baf1468ba6f22cf63ce01727ec3dc8cc2b1d0
avimg_165.jpg,67cc979f185d2eb1ee7492098f75524502e3457c8353601059c94e4c42b245a7
avimg_166.jpg,7037539fb635f4d8a09e5006b8cc0b346e05b43cb88f074a81ac4f42dee5504d
avimg_167.jpg,5186b60f760a17333b3ebf86d6b277e2e85d1333e487100fa311017c29b16c08
avimg_168.jpg,af92b7f68b18061a988a67bcf59cb3a8bee28939d4fd5917e0b4030842d99d57
avimg_169.jpg,f31718b5638d78ba3107b989d561c334da0988744e6bd3dc5c3f9ee5b45a693c
avimg_17.jpg,861430c6931e0b3dc39b9815a2385515a9f3076e72ab024f1a632ce367fad441
avimg_170.jpg,21b1192a4e4c14a14fa1026db727bb31b830ea87f4b53d7c7b077c54b9095e60
avimg_171.jpg,c311d5abdace7a9890d26862d4b6a7a18b170cb319dcb6c0960bd56b5520265a
avimg_172.jpg,3ae5ab33550dab36cf3d05830282c1f81eebadbdfe5fba971a90f0296b2f440c
avimg_173.jpg,4a04faaef220371b842670d55297af2752d5ff6efd2a7b9580bbca16983c39af
avimg_174.jpg,8b876e0ba34a7cfdf949a22ed79c681971e0405988f77f54fae9b8ce42d5f2da
avimg_175.gif,7feaaf84f7df7fbe48e4595b8e0b60d8f1618af684fddf99aacfcba99216ab7b
avimg_176.jpg,397b06cf5bf993c0b2ba2b76ae213bbe77c021c1820312a5e314ccee11809516
avimg_177.jpg,f233df2b0f4dac7d5fd35461d568a8af96bc831ef0010733753190f6cb82e2d7
avimg_178.jpg,a9140d857d798a10621884a4ec190ece291091f3fc140ca905baed06e68af94d
avimg_179.jpg,b9b7916cd4d21afef4c8036e22a9ef9b4372060b99289d2574151702805c2962
avimg_18.jpg,33f2f5e4ab1c75c0236956d0c3138524c7834126df761703f3b1b027e957b68a
avimg_180.jpg,7c13f180b161c338e877bb8cfd7db04cd4eb8953f2ee5ca33a27edce934d29a7
avimg_181.jpg,5673b15c8bc84e07a0287d4e2e7f19d0ca4dc314f52b6dd657d3d7778a52248a
avimg_182.jpg,420b22382b3793577416a0016bf752d392a95c20eadc39a225df6670bbec7052
avimg_183.gif,c04243e5dd89edaf4a80da861e89b67a45acf17ff1eaf2a06db8b49b16e98d62
avimg_184.jpg,96cd3fcf6d4570f9b4bf17e836ec57696040fb2b12d4e442a3440dd854b240a3
avimg_185.jpg,5d6dc46e2854aadcf0a9a5c7361ea56c1d95ea97750ff78bf1e842f91c92138f
avimg_186.jpg,e4b81670d5adf903eaf50a454ea4a856e763529d2ec7abdc71850029fb8e9134
avimg_187.jpg,cb1d0661c9e5f787a1ba533d458724696d92bddeb9cd07e7da06babb01344616
avimg_188.jpg,883cf530a71f94e80aafb89b9155c73d1a9b6dbe0df166f52b12717ffcec9989
avimg_189.jpg,2311ae69128c1e3ad28670fcb11565fd1ed71e217cd798933293f8d2d2ea1f5b
avimg_19.jpg,325e9fe2db8909a0c3899e75bc115e4eafeb77924513df4f32b6ce1883589db6
avimg_190.jpg,7f0fd90e1ad70d97efb3e8bdf7de1dbe58d46ad93ea7fad4812de4a1d2c04025
avimg_191.jpg,0ac3ff6c574827709307e65c4dfd490c615c47ec21cb03bd7893426581dbae5e
avimg_192.jpg,c77f14929d16f7cffd384ef16db2760373720222e5fe834d441152b871d648ab
avimg_193.jpg,f1e668f576b8dc7e369bccc08d4bcd3b8d3a71bc8fdd70c497f6d38c8fe68f4e
avimg_194.jpg,1debbe50ee5a0a09da1d9ebc403f7decd44fafaa382fd59e48cae2bec60faa97
avimg_195.jpg,7ee9b1c1f9725d0703214d5a438d7c09a3936992b5c9ab0987d07168d00c5ad1
avimg_196.jpg,c3c4a95cf3eec7c050d7e0ee994505981f3e1a4a46de5d9594c444bb0bdc5c19
avimg_197.jpg,4fe73fe9561f67f6e8c62c63404123ca5ac36ba9f59371c6b64b84cb56ea66b0
avimg_198.jpg,b153304d470cfc8ca1f6944b987c3de449ba72a022dc9641ed75d871caff2ca4
avimg_199.jpg,6a5d49a7de1e38389726dc2755820b05e476c1265752a0f72cc2bbeaf0bcb1e3
avimg_2.jpg,a1a319d8e652d3878cade718df809090e0d0f2f9ba2b943164fb811d4602ee32
avimg_20.jpg,44fff15edb93ce2dbe22d3b005ffd3ef46b41d2a72c67df3c381bb519619d1e4
avimg_200.jpg,11a4090f1d5300808113a934fc18f0240dd8731849fd179c86d1d18d2e204365
avimg_201.jpg,60e45adfd3b4260da0dd90eb87e10e8cfadeb38ec1fc8ff6550d1c874e6dde53
avimg_202.jpg,82fe7145359e6a29042ef4c9a08a111396567656dbc101270bf63ea6ae3137c5
avimg_203.jpg,031d8864c5b2213ea1b391418bf52435b343acbf525893c8763d6d6a0729b1f7
avimg_204.jpg,c92a20e45800e68b0b520e5e72c3549b04fbbb44b566d973f558aa56ff1c947f
avimg_205.gif,cf4b2c0e57521dafe96c3046aa15188ade1c3e697283b348c2473b2f046797c4
avimg_206.gif,f446fa18d1665d5ca1a8c5e86b96e1ea3024d0eed04f13d67751d16bd2c492d9
avimg_207.jpg,9d684f9ffdcbd25ac64d9f9e97577590b593b4586598d612662b54d7408708e6
avimg_208.jpg,473f2ca1cc8e0ac6e3cc0b92d3aaace408707c254778bbb85701aac7cf01c881
avimg_209.gif,c272b3f574ba69ba3b9823a460d480ab167b4ea7af7f341aa25290c0369ab8f6
avimg_21.jpg,67e55936c5fc3120e0b3d843f0303ab6bbbd3a97dff5b08a78b3fec1db17fe8d
avimg_210.jpg,2bc3dfc07cf826c8ca7f0347fe69d31617f8f9a072b58678aa7ba46295fc1d6e
avimg_211.jpg,5faec3c77a30a0f9d496dc2936167d65ee2abadd8fe1184973d7900bbb338f48
avimg_212.gif,942a542c55e174350d1c74ea669557c367339e989e8b84e11a826ac2e6571619
avimg_213.jpg,422014a90ffd09ccbe3664df2f20cdc68c7a64a356887bf73fb3525661f0fd4f
avimg_214.jpg,32c5f556bb0c6856aee1465a6543573c92a211db10f9d0bb7e50e700ac0367ff
avimg_215.jpg,0ab05303eedbdcaab606fc1158437abbae62ae42a60b1c6ae1e88bc67e892b01
avimg_216.jpg,dcfd39a62460de30b5e3c099f5ac89656598cf7ff9840095c4a21bd161149b74
avimg_217.jpg,88df320de5cf326b7fbc64de74bfc4c5011a7e9946014b30ead71bcc5e2b2df7
avimg_218.jpg,4de60fe176e238f6fc596e60ec97b0a6123bc2f43fa20e131bf7b4c8ad0beedd
avimg_219.jpg,b605e4de623126e157f6200e48cbecd1da29f2887d4b17bdfc9dbaacc8fcdbc2
avimg_22.jpg,9038c44b81f72e4ee5804bc0646a7e775d0d4f438d4fa6e3b659418afc0961c9
avimg_220.jpg,2472815168ba310ed3338e231a96a866281871dc06db76d8ea49ab3202d8f689
avimg_221.jpg,c6e9c06e4fbdc9749a16e915745445f0b022234cae0a92602620669586eb0cee
avimg_222.jpg,00ce960cb00f309f6bf4cf1ee5975e1d42308661917c1c0dca20d46cf99e4e67
avimg_223.jpg,87a6a2745a7035f45acbf90e66492a9e174eef4d35adb1db1d92c74fb255d448
avimg_224.jpg,5b76ae37aef1a65334a21ab03e206f1ab30e0a795280e4f3d21ec408f668935b
avimg_225.jpg,727c0b9ea414b3b5059629a91748447dc87700b4e94a0ed151b583f4828dc461
avimg_226.jpg,aa1ebb048a30932fee8d3f73a414ff94046579d1e178d8d1b226aa2427248f01
avimg_227.jpg,fab34884e3f4fe16171e8585fd289d9fdc478e11ac9d4feac7080acca41b1277
avimg_228.jpg,3b07427662fb059acea3a99aa50ee563cb7da9dede36c639ab7d6f8d8e4d0be6
avimg_229.jpg,9d867715912534269dbb5e45283eaa1d540524c97add05f81b1bafbfaeb61765
avimg_23.jpg,e735f001aa55d47e2174818e9b63b21ff5398125282f9cbdadc475b7f7961ee1
avimg_230.gif,820c7df6ed3c75e5f6967dc828d16ab35e3484ff02a511d2d26c6c11c08e9fa8
avimg_231.jpg,c3178a0e8a28683ab2a98d1423e57b65c66e7505f58fa31f9629576700a8cef9
avimg_232.jpg,1ce911750e32eb8b5e62146e1af2bdcdfb8842be3793055812fb959804451aaf
avimg_233.jpg,4c31ba99aa356b3abcf058a3c975ea3ea8445e3bbd2fcebc26ea66bbe3bf0fe6
avimg_234.jpg,1dde180b9d968d0bfe840f9c669be1e2305dd96595b4dd5e32a07089beb592a4
avimg_235.jpg,acf83879ecf18184a2fbfa8d9281d6f5e8aa9e42389ec5b7a4778bc3c3b2f962
avimg_236.gif,cf71fc6394d4ed9536de47c5180b39d864b8c8578b8ca871b8c491c47b39ba74
avimg_237.jpg,811999cf68ac32689a4934fbb114e1d47ffc74b63eadd521df5ea0d50c784491
avimg_238.jpg,76060d08358f88330ff2238a8b46d2241efefeab897144bb485d4aeae94a90fd
avimg_239.jpg,cd70237b1eef42537336cfa71f1cdf7a81e71dddef8260c0e873a93483ff45ce
avimg_24.jpg,a04d796c98ebbcb7de02eb99c90f1e7e5413ba7d0d348c5223e31e2d45ee4dca
avimg_240.jpg,faeab20f1da1bb435ded1b401d65dd4ae63acacc5fcfbd161482918c7506c0f7
avimg_241.jpg,ba369fd5591ebf94133459227be41a67be071a3ec519cb87c96be90e802cd5fe
avimg_242.jpg,5a70171d05071d88f650287947205ea335d17f84a31171745d85a6d752061b99
avimg_243.jpg,540cf5b1fe7a5d744ce3d88d50a8985a212c6334d65734f60983d98672d3b169
avimg_244.jpg,e03f4f8a47ea90d1049362d38600967e4f87ba2a11c4793f7bb935e2d89e40b7
avimg_245.jpg,e2a44e6406d8257414cac9a1c9fe3800a15f4abb40dd86215cdf126b43b9b36a
avimg_246.jpg,f9e86d4cfeda507cd5e1065c3d78c25f87bc8060e53041b273fe651cedaebbb8
avimg_247.jpg,4d0f9a57ee48ca0c187931004c5afa1470660d1888285e96dca9c1537623fb07
avimg_248.jpg,17547ee8761225a538d21a8f3083121daf9fcb8364b8241e79645e0089f4ae0e
avimg_249.gif,bb1e7665d633b613b45355c1265528c8587652a82911558eb18ff01ef4b0c85d
avimg_25.jpg,11cce866f4eea7cda183b3479957219153e03ba00f3fcb3dcdadb19db737fb89
avimg_250.jpg,b4347c4fa7c4a47c9b2fa973e5ec7ebb8927af62eed4a641eb50dc5b5826b317
avimg_251.jpg,3cc237a4f000f539ff7f9d14442b53070547a020162bff3492b53391e213ece4
avimg_252.gif,8153a39f21fda5a0baa5dd77e829b55af423ec812b2bcb2a38fe588c6432eaa3
avimg_253.jpg,ac846171a9826a9872f3cb9659cd753f65ea98fd4d1e9ed399fda695350f214b
avimg_254.jpg,e33ccd93987a5172f1255ff2c8bb9b291f4a8f347887102fcc258d09f8fa53bf
avimg_255.jpg,ad53f5d65a6ec25c3c23b67610e96556858fa1fc70859aaafc352216d6594228
avimg_256.jpg,a62c7d677dc0be69e89852a930b9c7db78bc4ca25a78168e7433ad126fd66d4e
avimg_257.jpg,674c4c291b6ab679ccf3015f03fba34323876f2ed41ea749aeeed95607c87f16
avimg_258.jpg,bbcc84960a4f999ae781ce4e0d74afacb9d9e415673b1a0495e9bc8020c1b257
avimg_259.jpg,fd7f5fea60358de438a48466d584caaae334534e3d4048685a1189f059c83e69
avimg_26.jpg,73020044b2ff0b1835e958ef9518bb7a7f75fafdb95bf90aded0eef29cd2f68b
avimg_260.jpg,908d816656e1ee4dd6f909bdd64ac901b62874e944a6f64f78d9029b380f4966
avimg_261.jpg,98bc29a5010357f0ec78b0ab989037a11f07d814fb79058bac666e630b353cb4
avimg_262.jpg,7a0b98b9dd60c69699ff39cee5c028035c28094b81d1063fefc8c0b202ba8c70
avimg_263.jpg,8af7f231008ad4281089cd72b2781db6c3034b035718ef54c56ffdd573f315db
avimg_264.jpg,d4f13f6a33ab94c5c27fd581c8faea90b4feca9a3be134f125d57ce3bdecf742
avimg_265.jpg,9e5cf10789b3bb4abce5872d20f0b0bd5282a9216d1e975ff27cea036bfe16ff
avimg_266.jpg,175f4de63eb1f55d5f9a2bf32edb94a438bfb09337db3632d04cacc6bb814fc6
avimg_267.jpg,2756d9243dacc2dde7afd5ccac8607862cbca0a5d9eede98b5557c1c27113ec6
avimg_268.jpg,72233ad4a3e5a49898996f4ad89108eacd3aa908e0779564ec5dfc25c4f93281
avimg_269.gif,1c39e8be05a60de9cef9c51ee7c4973a30d9e8121678bb724be909a06cf367b7
avimg_27.jpg,57f3a615e54dd575ef4570768cb9a4854c57d51d4cdae8ed22752a0130aceb0e
avimg_270.jpg,ed168bbc08624a03d06ec160bda24232ab3f1758ab064fb05d9ca9238c7b8621
avimg_271.jpg,9f036894071bb82058e693c3733fac7f69533274a135b77cfedaa114c26ea96f
avimg_272.jpg,8793bdb97c8944003a77a282da84c6d09c4156a31a5245d764c071b4b688658a
avimg_273.gif,98c2d7f64b1f464d6f153f7c4e3a46e6e44d79a04b695a063bda05a4b1ee73cd
avimg_274.jpg,0a45c4fe9c00d0178bab61353dd7ac1aeb4b44b1586f776a54a262d3145ed623
avimg_275.jpg,e9bfb6d51200a15d80e8be7ad950ef4bb5281d123a2059a9e99452345dbe95e0
avimg_276.jpg,cb72752bf9aa0ba284ef35a8dc7169fb2fa1ee2748831790df396f165015b725
avimg_277.jpg,0890e9058dfef12a9bb9ed935d2efe28c867bd6ad938c0e8a75653d6b060610d
avimg_278.jpg,37cd79dbf62833dbc37c48f03e37cba88ca27d740ebc9d19b44c9a813b894702
avimg_279.gif,c8985792ef252a90e59ec71297cca0bbf2d45e740aa876495f021ec5662bc524
avimg_28.jpg,8af5e23e4388f5fedfa8bce000330fb732eafd98a57eeeeb16b3bc9896dfdfdc
avimg_280.jpg,4760567f88ca952981e480e6167c29a2675effe083cd72faf446bcf5bb5888aa
avimg_281.gif,e7d1846f4ba2706a217848edfcc15cb820551411ea7cd41a86de7add23dd1429
avimg_282.gif,a8310c1104afc26c39a8035e022df582cea1504e5025abf7c99e8717e8977f04
avimg_283.jpg,be37136f9127505ed4d6fd85e2d66b7d924682a1e3baa0a2e9ca1e67d02ff65e
avimg_284.jpg,4900baf2bd439db9022c091d0ac5eea92d8ab54f8994950375b5d116aa3b7f97
avimg_285.jpg,30534f3db8ba8da5770633b2e95dfc8c1fe2f351ab7c58e0758ae5bb9e50cabe
avimg_286.jpg,66362b80e005c7c8e146cff74ebab8eb5c02367af0f4b1c2d83f72f038b7e006
avimg_287.gif,2526941b7b33008fa10f39d9793ecbd50966e5ffef018e733acc92fc8781cfb3
avimg_288.gif,0a75a2c2b1ffc0810a43c9b2e62dee806eea58a260ff48f073ed7da48a46ce81
avimg_289.jpg,3875eaa754c14ff33e9106bf4609d1bab56ff12ce15bb1f376a79ac4571faaed
avimg_29.jpg,7a8ae5ca0a53be014f4688b9d6b10fbbc562cdc02550495b44359c7458185117
avimg_290.jpg,c99ecb94bd415eaee0116388756986934dcd7eed34014fd39e99a85293b61965
avimg_291.jpg,ec5654935b255feef34e0dd6bb7a0e1de879691f89ee0681ae1ebf32ed16913a
avimg_292.jpg,628fad390c154857528fd9ed774f99c9511eba74671d451b402bbfa33e586a37
avimg_293.jpg,bc13df457c2980da89da7e14e18a37f2a8985916c20fc6ad1f1099df974bff8a
avimg_294.jpg,3d0b51ee8995043a2574ba0f5cb581e43507d10af11e06b5ce8d3e33b807f048
avimg_295.jpg,0a0fe47e8d1160a49678c0a7875357e6692a79344dbd530bd9be45a5790c1ec1
avimg_296.jpg,03b6b6d1492f7eddee9fa5d8e9ec42b161557c128f153c460142f5043804e50e
avimg_297.jpg,fa77519526855bf2880192cec82f064aafb828ee9ea6931d6a0671dbad5e19e7
avimg_298.jpg,aa5b6f886357e81a581f2082f49a6904e1e79415d29f82ccc50ccc7aa7eba596
avimg_299.gif,d78e1b2bc609640ac58ba34ebe0a929c9c773bf11af4d7f4a12b15b60521e6a6
avimg_3.jpg,7a7705684cab8531ab49337f738ec078d03cfa81b064966c77caef21d5d55643
avimg_30.jpg,7afaccaa4a7627103fc5d60d2760e4ce9e6a7ea78545f85fad9050f9007a1d88
avimg_300.jpg,06971d0f4b4861f9817fda90fed8ad9dafeacc9fe9ff4299de834bd1c415cf96
avimg_301.jpg,bd8d2d66c22567f48f810699ef0fa8e3affe21d395e03bb63de773ed5ddf96a3
avimg_302.jpg,2d717731fe0c08fcd3bd04db118a35efcb4c151f24670904587c8fe58e851fa8
avimg_303.jpg,d33d44eeadffe1dcdbe7a23239ea9a0d06ba112bfa84ac13350763c4ff28c978
avimg_304.jpg,a359b1aa469943b7d3bb67ec638778c04844602654261d0c6886d1ad43a13122
avimg_305.jpg,b0c70b2fd754ccfdd29a2634a1c7d915ad311178a601fbef83f53749d8871eff
avimg_306.jpg,c42ddf7ce362f324bd0f0c8ad72d5f4677146ee326c14f152ec8bc0cda551b07
avimg_307.jpg,167c7470bfb8e08d1c6d37360c3bbf60f30363440b8200c566f980e6ed4514b3
avimg_308.jpg,436a052245b0f05c3b2a6c7860c6b894ce8e81aff8faa408d2e8a518e1afa494
avimg_309.gif,078f0fc5353f83e802eb179f89c3af525358929df48238621865b872d57b6707
avimg_31.jpg,cd8423c95bacab0b5f452f554002932be5356da79d45c2f73ffa414723db80f5
avimg_310.jpg,e12863955599f3522a35c890bcf099636f7a5c06b402ae137f6ff9443f8d2390
avimg_311.jpg,47570700db866b83a22e04b6161df4c6b216eba439c1f0476ad5d2ab345f6deb
avimg_312.gif,144bb45b93326cc1c3941381b0c6c1880c755c37f5c5d3fcf36cc9b842f579b7
avimg_313.gif,39dedd0fdd59c28d771d2c36726dc68e72fe80ec4b2df6b87ac0216f99dea34c
avimg_314.jpg,ce0cafa5aa94a6fa33b25e6674a9f35f32f7b647dff111d61cc90390547b500d
avimg_315.gif,3c0f6a22d2cbe5cca7649b78b5a734d2073f0aafd705260bbd734eec0f1e65d4
avimg_316.jpg,b43ed20d2a5dd8877aca6fef8c15eca2e91845c96aa1852f6b6a1bb63ed67ae0
avimg_317.gif,6055ec20fbf83da8d43b09fc985aa07660e950038e1b65820aa16d80a0ba6234
avimg_318.jpg,7cc89e2b5b2829d500cf750891ed5a49aed3422fc5367f39b5b5c58decf5f18e
avimg_319.jpg,611468aa9bab4107b57cd1b2287375bfe19fee463f132fe4ad880520e5298e18
avimg_32.gif,3890d3cdf5f6f1d95569291851668c36b5569b7a4c66b03f42725fac910a57ec
avimg_320.jpg,65b99f3aa23404f18dd086580808b2e8db5f262f849f70800f191914b1f77d15
avimg_321.jpg,de0c93b803ee5ac7f86f8ef4cb27b506515d7044db64806c79870f1fc584c9d6
avimg_322.jpg,f1734160475fd4989b69292da661b2eff636f69d7174e7a70453d4f18766f9c8
avimg_323.jpg,005e313fc2debba1fcebbe72f0df779f5fa03392fd30d05c0901321b7c93a223
avimg_324.jpg,289e9f400549a4a1814b388c4dcfcdaf4819919fd67017482c1786169ea7f5b6
avimg_325.jpg,f5bae30a83cd5e75def59ad29d6501ebd4a76ebf1091c1d237923cf849219a2c
avimg_326.jpg,4a3eb49d9d21f08837a81054fe114e0ba549153d6814b2ddaeed9c04cf952908
avimg_327.jpg,f8810eeb2fe184280bd7999ad9dc04a97d694b855c3d7722e3b9132d6fb43d87
avimg_328.gif,0c24e32f93ee3c30c4fbc7839eb701e07bd73a39feb3bafaf584d23e307f21fa
avimg_329.jpg,d00666e638ee2cc77a708cc426bd7f109f366b554c9476230545320c55f2c078
avimg_33.jpg,e2d621d34443be0bc43241fe6dae162330682f0b0bd787bdc4f64c67b05214e0
avimg_330.png,8efc6fd300b99821c3abbd89cf1aa6b98d36130b56cc1d2caf6dcd0206e3f2e9
avimg_331.jpg,d27a9c1cd75125b858d0edc9e3649debd700682949be28d638f839a57254924c
avimg_332.jpg,33577f0e3c118c2b10f3979e9085e4a6567c78aad7075a37de51a5da8f6daff6
avimg_333.gif,bfaa1cd194ab0aede975697faf81ee68d6a0061e06ff346b7ce5f5eb992fc811
avimg_334.jpg,04d2c0fb2f0af1e2b68c60728de0337a868bca9cf39c6c7d017bc4ed0e3bf4e4
avimg_335.jpg,368fe498ae95ea26a796c998c6b627a70e550c7b69fb748fa451ccef759eabb0
avimg_336.gif,bdabb4952e14a4a700c9584c306ae05e1c5f6162b35c21151ab512d819a87d2c
avimg_337.gif,d5a349010b145b666c780095d5458ce53bf0795f96b2a540860254c598ba790a
avimg_338.gif,1a9026493924b56ebdb8c17c67bc6c2d58eb0bce394cc0eeaa8d907b19bd6cc2
avimg_339.jpg,0d6863e2c7372d647172193bdc6e9061d070f1fe0c9b4826050f64e72042eb75
avimg_34.jpg,58ee72a08afbbaf0adcee3c73aaaa652b493ecc702d49232b7350831987968ea
avimg_340.gif,7ff3dad29d182b54278065175cf71612416e935f9604c4ddc5e74f5d8de92edd
avimg_341.gif,6fca54b645a717350b9fb2426bc1662a95062368b37eaeae13b310e35f1c4aeb
avimg_342.jpg,9378d44292e922fbec350ae7401961ad0414ba91dafd08e7cc91a4f7dc1069d6
avimg_343.jpg,038d2819b9e1ab7aaf213bb9b59d9c3893b4a96fbfc904649ab9314a03b35f8a
avimg_344.gif,bd3defffedc710d59ca8a9fcae70302cdfd4c7b4f03cae83ae7eb33e677c185c
avimg_345.gif,3fc6549800d0b5142b7dea11b76653285f6a7825c09b2e909a4ff7102f5f006d
avimg_346.gif,147d786a587fec3c96bff25e4aa45bbed07705442daa31c55bb776d8d6be2f03
avimg_347.gif,432959cd7ddb868992d52ce3a8d57a921edcc1d8a15a46f73eb09259feaad44f
avimg_348.gif,ece0150d892ee126f777f9e6176e71b5741f352d80dd45c9aa278cb3b2315ff7
avimg_349.jpg,2e8b663e68edc32149c2629a9777f8afca64beaa05c674f4355173a547343ab8
avimg_35.jpg,c2710b3be089278a879c38b972260ddb99535a2cceffaec1f590cb36d171b08b
avimg_350.gif,fce2960e748685a8cd2217669bad97867081e8690918cb16e3c647695b5000ce
avimg_351.jpg,57a99cedc22b8ee680943def1f30aaf909dd99436eba5cf06dcf76b8ba271665
avimg_352.gif,411cf67a29957eb4e018b204b542d1850b514418b443531f791798876fd6dcdb
avimg_353.gif,81b0fe2c59df96fea7b926b790f113e955dff4a6a3a620c8ec19c038f01f971c
avimg_354.jpg,7a0700f976b39355399e76563cc3ef3457dd4eef3a57dc681c3fefd894c1fada
avimg_355.png,517059fdeac3d1d0a1f13a7807d77fd854ae24d3342115016a02188f025f1732
avimg_356.gif,709f3ecf11c5c8d14e73ee2047bb4015de0c195a0b398edebf4fca955870390b
avimg_357.jpg,2695c057c3616f799618786cc985d7651872d55a029c4d3d1bcf2b13401d556f
avimg_358.jpg,fd0027ba22412225c8ef623b0676c63f76314115b97d6e2e15aa3b17285d196f
avimg_359.gif,37cb1b1c9003c46baeeb71346e11a041eb20cd028c35a9fac1a71229d21b2fa2
avimg_36.jpg,d66b53c5c0ecc282e7bde5027d9bd4a4f115519e8700d19639377d70b4daf732
avimg_360.gif,d5be6b26635504a364a8f6bd9cc820832f40fbb672597baa1402d5d18728b85f
avimg_361.gif,3ebd4c5784d12b330d1183aa7aa3635ade700e855f64a528db7d39d0e9e6e656
avimg_362.gif,d3096b1554015b5c7dec25cfa80161aa617f105d79c11f082a2dbc5807d16ec6
avimg_363.gif,ac5eb0dea9e51c984b50e3ba4cb3c97b3263439ff4fccc1eee46aa262469724b
avimg_364.jpg,de6546ac078a32a59a812b617f687b0c541cb45e2c4873c79302a221d5f93a56
avimg_365.jpg,b66af3abf6120c5a758dc7fcf8098dedff36d82f9ce448d18d927e31a410ea45
avimg_366.jpg,1ae00598d13188ca795c47072f8375af786a858c2c31647afa4d243d63b0ffdb
avimg_367.gif,fbdc69c9dc7fcfd5266822f84a8301fc45a91b533f8d49b32f83593aac09e2af
avimg_368.jpg,997c80d5530f7dd9c82d1b72278a4096d0ee4c38b5e6ad844d798f65fe29875a
avimg_369.gif,a2afa6518ec0e4266dcb9a79017cf3b11e8b268cf78cf0003df7c0728852cbe6
avimg_37.jpg,bbb50f161531c2a6de10d512aa27caba6bc3a13139f8a7562a2741c5b9d16b88
avimg_370.jpg,8e19d7a9d920b00fb7cc4a780eb1135f032d6f3da326c4ad7a48b13f4339f7f6
avimg_371.gif,f6b97a3e3bc770c2b04aa96e9433524f491c0f15cc4dd2a182a5242f77c924ba
avimg_372.jpg,c7f02bb9f280571981c0b58efb393fa516c305b7654ac0df177e015518252943
avimg_373.gif,992821e03d89b2c0428a6ce92bf45675153a4bd38467cf2e9d0b2783a91d3a5e
avimg_374.gif,5d80f6fb8d0b6c100fa06bef96e519cd1bfce6a562d1830a9d54feef59b9a965
avimg_375.png,b35fe2f6e8187d793a3330ee25c5eb69a7758f71e98986d40d3e35f38ec76fb0
avimg_376.gif,b2c3dcae4a29edffac036208ea290e594563e25d8a18579727d8e0621902929c
avimg_377.gif,3f165d8c1b126dc7154b23f0eac17b6b35a1da6011792ebe35470a6fb7b1d639
avimg_378.jpg,0976feddc240a7a466c6691b52f80cca662f7cf2f22c56f2e696c3d297b829c5
avimg_379.gif,87a68a2e2d078e22d7ab3c01ec61377e1840068f843d0f35cbd15320a1e09d9b
avimg_38.jpg,0eab5836b698f3ae45d612574e3a11d21a0f9720f4a7d083fb2c9c3d326230a8
avimg_380.jpg,f4fa1735f239b71c458dc769d43ae02ab0df32f390e8fa8a0e82e58f5628dd8c
avimg_381.gif,19ce10ef4997f96270879293014a67db261995aa64fd32e37b4b572255252f46
avimg_382.jpg,c20e41c14defff93bc2ef6c5a4d02647cf819ebe3d0258ff445bdf53f5e2a2cc
avimg_383.gif,3a9a1c796ae45303c5aedbbb033a2c1a08bbf5bcf18c81b417adc5f35e31fbed
avimg_384.gif,52e00e8c9e4db34b14d968837d01fde75e410625f757135868fe23b07c9f6243
avimg_385.gif,f3d62640a37d11fd920a699cea78dd35f540ad542da7426c80d1f93f0fc4a81f
avimg_386.jpg,5fe1399ebc4369d10dd55a5da38dcb29357ec80383324fdb98714ae4ec610daf
avimg_387.jpg,f8c86bd0b32741e040bc986e1e71002095b162ec422b4d5fe6969b6512dcbe9c
avimg_388.gif,65b2e9f31bb89cd3814a4c1b71f41bcf161a99027950625bf904e9b0af457bf0
avimg_389.gif,815df7bf67ab2d2f5169410c2c06161b85ebde8f8f41c7aa0845841d5522b6ba
avimg_39.jpg,2f3a8e9c1341f85bf42ad64f8bd7b0950002dca5d4ded6191076badbb677004d
avimg_390.jpg,19df81537644b78de63b5579579e1308a48eebebdce3b0b77488187df16f9b77
avimg_391.jpg,59247a2200b88fdad0cce48bfc9e5cd80c914c3e913124a9ff13dbc5acd39f31
avimg_392.jpg,6bc919bd1c07ef1166d93aeee96cb61a0e7a566f7b8f68aefc7db384ecb9dc33
avimg_393.gif,a0047d04d54fd43f08f42d5ae5e27cb356d6a857e724aac783d27d5ca7233737
avimg_394.jpg,98f7785948efe42467b72dbed7c3b6adb723ce79c74af4dafa8f0bb640951f7f
avimg_395.gif,f9caded5893659119d8e8478bef39f21890a7442f87a22ae5a11376ae50c1c33
avimg_396.gif,8dfabe9cb99910ea375929713231027f27b1bd6aaec547354e6c04870e4989f4
avimg_397.png,0d836eee4c4a9e2d51639b1cac0bb5cf07410a3379f57c291a7ea1b51fdfc579
avimg_398.gif,8db420f82df9502cc89db5fdb0a00c01a380e13d49ebedac8d1383131338955f
avimg_399.gif,cbadb3c7deda738be9786a17384d1e23e7085675a3fa71c4125b83615d494942
avimg_4.jpg,36e333507b96be15f5af1c1d868c8f6b3a26c04a7e41414e94b0af17bf72b7a4
avimg_40.jpg,3cd0158f58712d921bec4dd524f569e0941b3294efc41886c101ca26b0fd334b
avimg_400.gif,bb18993604549a2a3b812e1e2116db1f0f182a59a536bd7a2a6ba9f73a687e16
avimg_401.jpg,bfe5efeb9d120ad1efb25fc452236796a76b7d8082f9fac739e0c263f9553f1a
avimg_402.jpg,ae6d34db933eb5b4fe26c0e075864d8fab7ae165b5edf175a2b79d13e0ffdce0
avimg_403.jpg,d74a9f0120b3f6a28ff022d25c9622e1303106b4a0a656c52c30c66167755fab
avimg_404.jpg,a78e229d90ce5d9c1e48e69375762d3e1464f025e13afbbdbbd1d48801d3267c
avimg_405.gif,247876e3978119dae1cfa0587fa49115e5cd83bf3d93a1b726e90f15b952aa2e
avimg_406.gif,f2cb7f4a0a91228709f5a74732e20f26ec75a3735b26e44af2115b01b9ee820c
avimg_407.jpg,f22f886354bdb3948800112ab179bd84f4b628b4547f1ec2f78c03286fb623f4
avimg_408.jpg,8190b31cebc605b25fc5488d26abeb70273402ea8036f2313df6d8cfb4612f53
avimg_409.gif,4c9f92f8e556270a320bb75980d49ced15503850530f42e4e10341d373b0dd9d
avimg_41.jpg,d0fdbc8f6639ed3317b4155a846518f380549233f34573a29b910cfa489f8df1
avimg_410.gif,5e03d8d232854718ff4e57c7aa2d2210e98b8f356aa5d96f356ea30cd6d61967
avimg_411.png,4dd696ab3027faab0ce71b5e602c0250e13fd45c9902f142705e22b20735f687
avimg_412.gif,761199fa76e6edd4d5ca5ced68b6b0f1c40bb45ae3b98b08e2347e56286630b0
avimg_413.jpg,1ea481f1d68838dbc87db016031eccb7f72a953c52b431bd2601d3b1bda3d492
avimg_414.jpg,1ec3a2942268f7d838f7f8b029a4042f1d5b02e31ed374f947f09dd2a095f341
avimg_415.jpg,a9489a3b252e90780bb15e97a9f3ca3325ed90a1deaff26c5d056f6839beb059
avimg_416.gif,3c8f16cd36b584e23c6986f52669567f7c4884d7d5a1702f9f793e71d2575fa0
avimg_417.jpg,b8dffd71b3b246103a2493d0ffefff44bee461a9b4c777513028a3b811d898e3
avimg_418.jpg,97490b24dd0c75211e7e284144886eda56a04706dfa9d4c8f49eac81a620ab66
avimg_419.jpg,0dcd81ae36b7b7dadff3481a6a4cf83135013e1d47f1688c8c050dccbaff02bb
avimg_42.jpg,70699d50c4bde0b96cf3b7cfa08054357b0b7e65f03671fe5a81f162d2a5c136
avimg_420.jpg,3342e23651eb55af7d3c43dfb0e1df1235933b528beb8ea861b46277201e6a27
avimg_421.jpg,234073d91c7391eba1f4977cab61a25ab274af0ab35ca20b18c0db0b6a729f82
avimg_422.jpg,c5ead20b3463961a594c27392a924f97fc8ff2652d3c9a817ac338dcbab3ae22
avimg_423.gif,36f3d53666e7888adb66cc832c43ee8b649cdafe2d5801fefdae2facf8f41ba9
avimg_424.jpg,aa4db3c475e492bf5a7976254b06b2cd5392af5a7a3ba64071150e21933af5ef
avimg_425.jpg,e48a9caefdd5f52c62d5131e33d0c37d83b8022d824cdeefba1cfcffc56042c3
avimg_426.jpg,a397018179cedd7f63d001d292d386ef9b127c45a5c12048e6d7e57f0d61ae96
avimg_427.gif,4f7a7aa9d326cf8df477ecc4deb0dbaa1e670d2b7a3a146e6cf61bdfa9923b72
avimg_428.jpg,7f01d7389949d6848992f53671bbc89354d91ba5022fcc2f9052fbce5a468560
avimg_429.gif,75a3aa3bd8c54e9a3de9c0426a061540fb3b7c594a698535d4a1401ba661d387
avimg_43.jpg,884be57a947cb190106fb9cede656752a1eec11c5e4b5bbff011d4b527ece053
avimg_430.jpg,94595a82b5b28577106a2999993aa96bfa411223ee0c8c7a09427904d3292872
avimg_431.jpg,e83fc22fb6af916273b56bf886fa7d6bf7994b1e6a0b6a38df25bf33d5bdebcf
avimg_432.jpg,5b79d6bb163dca487795ad764cc1fdb798c49d8906368cd34e5e05d3b7b9af6a
avimg_433.jpg,d990ab08b1433b03f3e42067f58112fd0be33d255e226261bcc88e60b5c24170
avimg_434.jpg,3bd14a7d525813786c15bbc7f59515d561364298658cc7ed8dcde83e79638f39
avimg_435.gif,e241cdf35a83e204ece2409917725399a6019afad6983d5b2424f17f2a067c55
avimg_436.jpg,c70b31979e2759680bd429f2511e775ee728789cb526e735c665970d4b2d652c
avimg_437.jpg,4f7225c8a830e6038ed688c99a7d5acd5861802e6c920d85d4b1d7301fccfbfd
avimg_438.jpg,8d8c9c11eb47863aba5bcf48c4995346274d9fee962d721d0e9f8419c517a0cd
avimg_439.gif,f384865ba30dba50724b3bd493a1e65973e6f075691cedbd5e54a927f46597df
avimg_44.jpg,743a80850a650d1042f971b05e65e22170cb7524e70595debf54c19a5e405701
avimg_440.jpg,2915bbc89bd2f794c04bcecb84f89bc080d56fe929a387dc1d2e8d851692cfcd
avimg_441.jpg,c6ac061cb9fa54d13c4c9ab469d90f1ed15fb69b698fb132a163d50f99dd0bbf
avimg_442.jpg,fac27c75fe7d0155c814aef7c061b829c1740c6b17166a4f2ee29613f75411ec
avimg_443.jpg,201814523ffc54be6942892abe37a4bb1f70c7bf5c9399f20a9d4d075f678b84
avimg_444.jpg,08deadf0809689f63360fe8423dda6decba4ec8bbb17ba34c8dfc886bd48453c
avimg_445.jpg,46ae2aba9f515a11794df69035d2e61333b91495eedec76a484fa279493718b5
avimg_446.jpg,d5a936dee026e6f958278692e1e777e398d0eeeaaf3185a638e618a8ee87b582
avimg_447.jpg,b3a37161a638a0f53a5dfe7b251eaf2518b2c66fcf94018ab378950dd580c9e3
avimg_448.jpg,eae15684e226cdf56b6722485b64b2f6967e42a1ba6d1d77d15ea63d6ac7db93
avimg_449.jpg,cd40bc41fab86f56b63263bfac8c6d248caf90fae26c4dbcc1edc62f19fed56f
avimg_45.jpg,e28c747c64dadb901d94e0fbdcf1c8478a16489ca643af358d0dc3288337d2ee
avimg_450.jpg,a994b411d803fbf6ba9cdcedf5ea772dafe1faa3dd15f3c1592b381a48df88f5
avimg_451.jpg,ae140b7d11b85979a90e993c55f75385e314d22ca903d5114367696ce1458fa7
avimg_452.gif,e8871f8b8e7298279d290c3408f488144bcd770a5c119121cb089600d70ad27a
avimg_453.jpg,76428b023cad8f7a818fa6838ebdbedf2f66daa114608d6acbb800ecfeae17c0
avimg_454.jpg,41cffe491a7197f238c74f64951b4ad375c9869b65aee2ccbe5a945de2c1adaf
avimg_455.gif,a64acc198537acbbc309657452fcc4f3bf6564fe066fc41d87649101f09404a8
avimg_456.jpg,cee2f501910c1ec1855c0c90b4088acf83a99c3345e88c41a225e942da920f8c
avimg_457.jpg,de36b4774c895bd5b9435e53851d2e0ef41c34de554fcf531e5c1103a7965bd9
avimg_458.jpg,0fbde8939870ef1330c0df5d5d77eec2985733b5ec2c8d1efdd78166dcd9e069
avimg_459.jpg,9f30bb1ed4a9f0929d2939c66d37cc158cde085997d4faaaf288e1a824f015b6
avimg_46.jpg,23f52bff823da614720f3b6d70291cff2a8f75f4a83ac5f98abb7932b86ae7ca
avimg_460.jpg,0eb85044b44d502fca78457d75e1f98ab83b07f42b6cbc735c8835ce6305d03e
avimg_461.jpg,6768ee5b172c3047ea70d313e9c991070afa11927491a44362820b2c159a2fcc
avimg_462.jpg,2de1e664e69f334b4691214a29ddc8411fd9f4ef0c9678f071e764eaf4ffa844
avimg_463.jpg,097e0436ed9000b052fc0144d17ed7854edba3a444ec4ca1572c62e5de78fe8f
avimg_464.jpg,19f5eb6d8f315636b4b215d34339d7861202cc8b60bbdfa4798c1e1b76b3f42b
avimg_465.jpg,5b2f26b326c44e04639fc5dca1ba201dc3b26f0ace5aee018b4a6a242c47d387
avimg_466.jpg,18754fde3f1af6b72066f9f3b86714b8f2bc40e57aac99945f217a1d447b4ae1
avimg_467.jpg,e276e3987c1a5b031128540053ffa9116a81d3395c0378bfc8be749e50735f26
avimg_468.jpg,d8680847d01fac3248afe52728b5b8a9e2526c55ec4440824d422ba00ab1ad2c
avimg_469.jpg,87775675370edfbceb87ec5209b770e9b1ccebd711d368b908b4367743144190
avimg_47.jpg,50f0749d4fd33721f86471ca1e66588fd93732689ed6b6bd8f1402f0f65f85c3
avimg_470.jpg,05a5ce64797f36edfc58b325b9bb749b550a27b5d3830f459258b9090283bdb8
avimg_471.jpg,bb5b2ed4c52472f266cd7d6cb67bcee1dfad43db7380edbc60d05d7a562f44ec
avimg_472.jpg,6607854bd82def345b0a0f7a13ea77035e57864d02b3d361cc5c5178df1262e4
avimg_473.jpg,2aca85f42dfd2cf27c61a3372c587d9051c75fbc18a5ece00fd070fcfb161555
avimg_474.jpg,215d715e96bc39af08a7a25ee24a80686bbdc1c26f2c0e42208912bb048e1bbc
avimg_475.gif,87120a7c01f13c93cf1786df5074a333d3399c21c4b41e90c6c82c29720e9935
avimg_476.jpg,78183a3d35db9b5f194a17c9d18dc43e48176127a202887d149c12ed511126a1
avimg_477.jpg,a3f4fcf95a1e380479ac8cdb9e4b703f95dcf39a1e225e0c0cdbfaf835d0a89d
avimg_478.gif,5ab4e34ce19d596f350ca174ea51079d738621e3811b1246677ed8b0fbfd66b4
avimg_479.jpg,599eb65ab7c762d346f128d954fec53383a31038c4d8b22a7933fd22dbf94eba
avimg_48.jpg,32ac41a347946ea1cf7eacda06323f56e3fa6bf411ae609900e38650b41c3615
avimg_480.gif,6440b92944f5d598deba7481f0a090934035d945468d884e7393c73c9919f85b
avimg_481.jpg,9799d3f92bc39ca0dc3dea4b5dfd1bdbf90ad38ef3230694074825bfbedf8de7
avimg_482.jpg,4d3f85d44ad9b932a93ab578cddf5b47674923d4feaddfb15fbcc662d189bbd0
avimg_483.jpg,ab07a858b76f84fa612336e04e0d44c30dfff1167ca7be6a0b484165cacf4f8d
avimg_484.jpg,b0330722061693d49b9b4b9916fe9c32c65bc75e281a9a37814c5e7c9cd3dd20
avimg_485.gif,46c261348361c9d26fa0797327b77721c0726f001a1df9360391c4165c88a29b
avimg_486.jpg,31bb223170d0500fd96f3f0f6c97248fdf144ca91d2d95d31c1420585b5b9943
avimg_487.jpg,38dc3f3185301115b44cd6c44a9f387317162a3a6fdc42d94744a6bfd601c431
avimg_488.jpg,b0b80f901a9bc7ece6976bbfb6edd047d368cbf1e96d9d4c6dd875de3473ef0a
avimg_489.jpg,f69690f962e824d1795870f8137ee2776b29e53c7c81f26e62c6a11a52a0ad8b
avimg_49.jpg,7d5079a60e94c9ec04f68eb993f915cb40c81b2d69d00f6d7908ea3ff856f613
avimg_490.jpg,cc69fcc03d285d3c1df26f9f854a3cb2700e0ae6047be853188e340127bb624b
avimg_491.jpg,8a17f652670a38fb4d444dd37a58c833e28c3cea8b2c4b4b2c43ca6097a523ad
avimg_492.gif,e19389c470e4518e2ce75813f6e64e53892b81e5c56467150acbd7e159f84146
avimg_493.jpg,9587d3015b1e572b4842a9dae45d738a2925e057242f21275bbd3a4902006ce1
avimg_494.gif,b7688ea25900e90cb5922d38212c836cc1f637d59fa0006ef36e3e1c7ad783a6
avimg_495.jpg,0607cc9d5c34b77033d48e241f3dddd9bc3a039a7808b54ece0c9e44ae2ffe1d
avimg_496.jpg,f06bf44ea30d3a67b8747af66ef1b34f9d746bfd08a42348aa2d4cba8ab9b8f3
avimg_497.jpg,6babee9d3ec9bf0f98ca98b230b738e135a2cb60b016e853ab59103520011f22
avimg_498.jpg,c5c3c71b603d5ac438cb560b6517493358523fba2a3653b0cdd4afd32672ba98
avimg_499.jpg,6a90f6d542d908b0bc658ea32316dc701cadbdd5b4d122af2458a61f8be857f0
avimg_5.gif,9fddf5d0f04ed36ec9fdbbbddfbc10e2967f5d78d71385a3c91955abff28232c
avimg_50.gif,449428abcc523f51cb09e9eb6c335752f181cd3d20be1f1fc8608ba7eb16b2d5
avimg_500.jpg,2f497026b67b1bde10441fd2834bff2f6c6f2d9b1525ee25dc9fc6d59b52b886
avimg_501.jpg,ffdb8b0e3b4f39c6601f5d0163673a0d4ae14bd1653af4827550e9cbd4ceb7c4
avimg_502.gif,b4d23baabcb8f3c709f00c030dd108d8b097af1dacdbf319fa7a1be1c33705ad
avimg_503.gif,166beca085914c8440a600aa4dddb1291c90cea6b22d101c7fa5618d2c4b4969
avimg_504.jpg,dc5a444c38f191495cba36c96411f59ea724fdc34ab103e9693fb8b3d817adcc
avimg_505.jpg,22b5d09dbbb6213621c1b88993132acd90755853d1a3b401905da10e576b6971
avimg_506.jpg,8b6c4278d95ec794e89b95e25eac7e3cba206ee8687346ce13302e9ab66ab463
avimg_507.jpg,7845be0d857156cd1e21aea4693b5a03ecda965b4f7e9d3ca11a70fdeb134e42
avimg_508.jpg,4c940ed80de82aa0b2ca59797b679456274d99695c1dbb5fb6138d2d5d68d383
avimg_509.jpg,172a272a6d03500646f0a17dd0f5014b9f0cf5a1a6311a481bfc861af21eac25
avimg_51.jpg,10634a69339ca409f0acf257d09ace5f8606f419b92885aa2dcd4d95da14c1ad
avimg_510.jpg,a2c2a404df786ea7fe22cc17ad851a5bd40e44e9d2fbcc600aa8a803b35bbbdf
avimg_511.gif,873c0aa74ed44234bf20887e5877d1857ccda57e66b2d1e96f5dc92fc3a0363e
avimg_512.jpg,bb191fb9bbd1334ba6ea4ad3be508415edd5dbe81f939f931384b64006f5fc12
avimg_513.jpg,ada70a7981115c9899de398b85267e9de165a23bad5aecf4f96cbda7389be450
avimg_514.jpg,a523fb4cabdc73f6a83d245d7cdc740e3406e4fe1f5e43358f2715ac2260d5db
avimg_515.jpg,5b97152a5a1b0db55c9b3bda95cef6facac063d7a2b747c281b6301e2d7c97d3
avimg_516.jpg,bdb924aa9858488b61cce2b263e3ff4b1f61f2f2b30e8577437a3b8a2fe6c9ec
avimg_517.jpg,0721ea1a5827b41b30a46f5335fecc78c96ce1cd4d6db6c6486127d9cd9f22cc
avimg_518.jpg,93b33d1d4778311757a02d019f38aaa98dc2ea78c1c79e34b6040af91b5e67ca
avimg_519.jpg,07a1069a1727089b3a37c96862237b8a29479419028e62b1c6e03a723b4cc9da
avimg_52.jpg,8f4cc07f80a009f69641ac163ae80768c507a34357391b03fc69457b42eec68e
avimg_520.jpg,8f1d2b84d95c00fc79796b48b639a41ef3590f9ad7a5cfc303564b531d9e8870
avimg_521.jpg,6b99395591cba7aca35e73afaf1b940d71eff019416dded5a1e435b159370d4e
avimg_522.jpg,594b7535586cbbe7d053089e04afc89930dbf030773bf3d49e01d8a003202d67
avimg_523.jpg,16e831479265abffb4230ff458a53f7425b6096f02c8620582784c58379b2a45
avimg_524.jpg,70f69825ece0d3235e8b14f2ca53d25ca54430485756ec67a7ff72a541e426f4
avimg_525.db,97278a63f2f93373918c5947c60c599896d26298a03ad3ae5309296332e33c58
avimg_526.jpg,6108fc0d0bd6036fae500800c2f049cc003022127bb56d5113283be64dc503f8
avimg_527.jpg,9567d62bc411418cb68090ac3ff0436bf9254637879c92a2862fa6baaf95c48d
avimg_528.jpg,448c1aee7027b81cce29a3d4956432019a29321f8d0c4dc80d999fa9f6f14f19
avimg_529.jpg,3accc79c985c746a382fef8eb798b2ed16f8c141a667a71bd7e169a3cac075fd
avimg_53.jpg,99de4877389ac8e53982247c560972b75ec8559e7fcd4f5d8d7954b6706819b6
avimg_530.jpg,cb8bb36d1512227e9515950114798355bef370278e3b1e0ccd02922128916108
avimg_531.jpg,2173b59a9912c390fd5210542ea872c37c7b0f14115f76a5a24a14d2281ea711
avimg_532.jpg,b394d9ec8a4c5df0a451e77578bcacbcb799ecc25103f023cae25e6bda1b8c2e
avimg_533.jpg,1a822c0552eeb0fa9e52040e4dea2c33f4ad3c9f599e78bcd13a1e6bf293de49
avimg_534.jpg,3df395d97a771f9f510f7b88f5aeb88db206fa24792c2de92d721849f03c113c
avimg_535.jpg,96ca7526f1a061a5069c660761edfd53d110e29876898c9ad6f72bb788d9bfb3
avimg_536.jpg,494491a03a6f4c8d7d5226da9e244ef41dee9e20bc822d9285c4ed4c0cddbe60
avimg_537.gif,e62588ed481a64b15bb2d1954303dd64e3dfea642997ddf59172f070b19b1f19
avimg_538.jpg,7582e29d0434730b7be07c8c24fec8bb75bcbd8863dcb00eed3c2873697f2e4b
avimg_539.jpg,20c26be45e402d738e9e23d33ecb83704bb5e2ffb10589c7a1de132b0e2038c5
avimg_54.jpg,ecef1de67967db6f3290236f0d59dfda24da1b1f7464c51b4fa944a42801ceae
avimg_540.jpg,8f4171461564fc640e05dcb4d474d7631ccd4d3dbb5f82c3aaa175fa4837f001
avimg_541.jpg,6d9617b79e8a404f7c7f3ef025a8a7f87c916c8c8a7fc62c4a813695c84f6725
avimg_542.jpg,7085c038dfe23b56d20ba57bd5281c9c76d1184f6296567e9f5703a91cc2f75e
avimg_543.jpg,bb84ea3e79b6b1d6124552ac939489c8df97e86ab8bca9eec237f0f4bef75092
avimg_544.jpg,8877b0a0648801c30db19b1ecfe379e3c441ed471f8b190385962c8d463a2c13
avimg_545.jpg,8d6acef8ad5908fc69b536e195531a800b45166653e8d34b8378bc1d498e8c10
avimg_546.jpg,5a4b0e545a28c983df1d9505af5b353909a3dad458cec23799204899687b3864
avimg_547.jpg,4977248f47344fffba85f81f50d32759fd17c2f7994af02e1b0c21dbcc0662c7
avimg_548.jpg,bc250cff290e007a86a025d93df68e3c4dd12f99a81c105c0d4128cd7a5610cb
avimg_549.jpg,4cc2ecfbf8262e7237269c84f628d8b33e49291741f9b9d648fdc66d4106c436
avimg_55.jpg,31a18f381c734cbe013bc69864a7baa01856d6448fd56d321f8afa497f93663b
avimg_550.jpg,e05da66c09f2ed776296cc5982c1a5ff1033b6aa8408997644a27408aaba0a81
avimg_551.jpg,9fa56a72016edf8a49ed453391b74678b95a0601dfd3eb11e903d365baef3428
avimg_552.jpg,16c59ef1900b17cfd05557b61144d4705ae03cd44f0497932db6e8249cb39341
avimg_553.jpg,ad4846ed6d4d375c5fa8cccf6651431c33e5dd7fad15fe729f5ecca5e94e2a5c
avimg_554.jpg,08300b947c5313b74b38e1affb8ec85b5c92fd7ee359643a4688ef7f892e7c9b
avimg_555.jpg,1bec9a4b83ddf56785d515bddc1f5149b6ea6b5c4aebd927c36f7311f93915a9
avimg_556.jpg,6821814c8915c7023452a30cd827eab330af53efd93e5d1ea4df06b1ebf07334
avimg_557.jpg,ceeb8140ccc3902e1f940a9034bd94a2c07fd96a9086ae23d8fccee0b2905944
avimg_558.jpg,c5c081fbee61320d60c942efa87dcda68d321487698c8ea04fbc5cd00ebcadb3
avimg_559.jpg,872e3812bf69ff5026e09bdfb0f78789ec0a176158a4222a1d5d5f859c77d118
avimg_56.jpg,4c2c33c4280c5f8b066862415900f9a008e45fd2c6f105aa8cd714ffb32f9898
avimg_560.jpg,17bee5ff2f2b064cb8e8323bf3061c0704b5540499e5d1d109c66f5874460c35
avimg_561.jpg,33c8c93edc63ffe60203441c96a04cc0e8458e95c0f21f381d07d58747f693fc
avimg_562.gif,c564879ae8939b8169d7869b4c2e37d3629f1b4f8d9bdb79b9c1a652b9b11c72
avimg_563.jpg,f88c0e1b055498217a31d36a97552fc37f41cb51eb7947b58b1579596c51a2a8
avimg_564.gif,1f07da671ed6620664e0c642e22b17aff5ea4b1794ef0be495f576d62db17ab1
avimg_565.jpg,f3c2dffbef022e6750ed656aab48a569ddf5c9be002a2b74209daef000bd01fd
avimg_566.jpg,db7e5cfa2f1ae0803843afbdbd2375331f2e5feebd0c16cb5eba72447ea67df2
avimg_567.jpg,2f8763a4796bb137042093be6220929b1e9f6c5310dd7c80b7ce5395d1afa546
avimg_568.jpg,9b83092b2aee25f1b6dd147163d3ac39c2a28712af87f42486cfa7511549d08f
avimg_569.jpg,414561dceb716f2eac0bb0519a4b92cd3d0b6369656194e506979ba62e011acc
avimg_57.jpg,3b8ac58e3f83fee10639b97d9a0c98934af5a0cc6d190fbfc01579ec5d26dea6
avimg_570.jpg,d2986b94caec36c0a0d7a6e204afc2f192d29de7200b01a095b2bf7f21f46aee
avimg_571.jpg,158e73440cf48ea95e6f878949c26ba8fb8d7ac78a3dfab182989d69e7f45814
avimg_572.jpg,c6f1ee296d0f3ed0727eac5fed06cd9a7a92c8effafc34126ce30a24d4a5ed4e
avimg_573.jpg,a22478d5d05bfc93c5c806ca4cf677439c65e25b09e16a033e7322f50bc2aec6
avimg_574.jpg,4c6965f1d4307217e773b8505a21008fd8da31655fd1fb9707539631eb384946
avimg_575.gif,ff31f463b7e87d9938ca1aba3c8ddf178e49ab9098c7fc92153d5ac39bc60d9c
avimg_576.jpg,315027e3eadcafac5ae3fbb9820ef6c7a0cbae929c86cc8c53edba4b29294de8
avimg_577.jpg,af4ec0339c471cb9f9b4fa5d7ae756b82a3479ce933568b7d2e869f51d95644e
avimg_578.jpg,1561a0e4fd5f198615f5f3042bb5234b6515c8ddf5e8f755593f57d61c61ee75
avimg_579.jpg,7f016446a43fcbf3fbad1506a9958afd02959adbcc8be638db9d2f8e920a3807
avimg_58.jpg,57a781f31854f36acb2baf9506025f7da0782dd4f8ec8ec4e1f9a13819382be9
avimg_580.jpg,cf94ccc841a29dfa5fb3a4c7229e276e388740fcffe0805b945538fe01932ec7
avimg_581.jpg,c535040c0e4ab7748b6cdfc45155b9449cfcdfd86733b098593762c80a846a65
avimg_582.jpg,de2dd623fd9f185b0d4042a0cf72cf456d351e900755eee9882e5e71708c8ce3
avimg_583.jpg,dfaeb0e243aa3d8fcb657ac40660fe132bf26946dd70094332cba2bd0cf0980d
avimg_584.jpg,c43ae68badfa39f72244e88ee57362a7a446dfffe59a3a015ee0a16d40af3bb1
avimg_585.jpg,af6df907f0e5e68cdf23f2f93d432bca68c119587f9088f4052ef482fcd42fb6
avimg_586.jpg,7f205bcacef9aed4362e2f90ffdbe1c8fbccc09c9eab6995c62784f049d0021b
avimg_587.jpg,6c217a1497acd2f945211651eb688535a1bfc8c742e172ea2082958a926738eb
avimg_588.jpg,1e658fdd82b79e56acfc2013d77e02bf15a5530509247f2ed19bdcc04cd32c62
avimg_589.jpg,8934a7a9d1073b4dc2def79c10ef0ec839039bbef1b53b7d917afa2a20f1b32e
avimg_59.jpg,bb152f87a555667c365993f7841a9311ac7f3bae40a372786301c562ff3c0944
avimg_590.jpg,3c69eac304afcc61c2ec95a8ece704c83eb24bf425be516334bd1c0c7b8d0cd1
avimg_591.jpg,d509da2dc06ad02c3e0379525ead4e1cabcf925a83623417711d4a0b91d6a508
avimg_592.gif,464aefd73bf0b53915540f05cd84af15b0bef1cd266a9026e780c03de42c6a9c
avimg_593.gif,5425029e45d97f7591ce5458643ff193374b0e4cb6f431274f3cef895709012f
avimg_594.jpg,53038c00a61e6cef2edd9e2a34e530d9ac34a42f5a9fc44d545202b3d8576154
avimg_595.jpg,4d60be72c730e60ee3f15c884ac979ee92e3b175bba54b8027cddc781f948319
avimg_596.jpg,2e2fac2c2c264d56fedad67394547a2be4c3f3bead3709ce03dd34812fce6c04
avimg_597.jpg,2de10351b25ed9712306336d91ef2f051fb51117bb162152bab5cab334be357d
avimg_598.jpg,9b4dd327b92bf50198e9199ef01ea286d582b24df5a4d7cd1940deb47c289526
avimg_599.jpg,78598897649b1ded8bacd5e84862c9afa3c0f60437378b7df686fd516cf05a9e
avimg_6.jpg,3e22694e5324905fcbbb20fd991f5440730aea2e3d4f1ed269a7ff2d7f05fdb6
avimg_60.jpg,f5a96ef141d167c94ef5678d55b94fd9725f7e8fe344383425bd4ac248b40d1a
avimg_600.jpg,4240c48dab5a1fda2e286cb5c78705c6195ade9d3acdd7b34d379acd14bc4c0a
avimg_601.jpg,01c4c9c855447d01a700f5cc119dbcfc50cd39b4f74bae4a103527c8a109dee5
avimg_602.jpg,aa79a821e3af12b0c98a4b4c986edff2d93307be43c2aba376e1ef7533aa16c0
avimg_603.jpg,b81d3f5dcdbdd1f86d921823789837b0da91c0e54b1ba54287c10cbe53f4b8eb
avimg_604.jpg,41dbcb0736a0cc2f0b6dbfa1655421f745399f6957e9422592192ed7f2d32261
avimg_605.jpg,adcf365518cf099336e5c497cb50715be7b936b9c3c0d7d5059b3a54d0069e51
avimg_606.gif,8050aa5c9d902a23cd30f0af2eb68b613635b64cb8d5c9adbf35779b46580c65
avimg_607.jpg,90c9a8ea26ec2cdb4280b8fe9a2b66909f733aa043765e3079784ab29fc3d5e3
avimg_608.jpg,c0154296bb6511ad662ddf824be89c0f0af06349c35176b73d617796dd1743db
avimg_609.jpg,54f937ca2b2c94f4f6c2468eba99245b73a5471c47b6e278bfb9efbd50fa5ae8
avimg_61.jpg,89ac86c41d18fe6534d486abe14ee735e98e4a88567d8abb4d1f938c8fcc6d94
avimg_610.gif,d4d0657c4af103c9beabf031f2ae3b5871f00de1f5d70bd14cf385f24447da69
avimg_611.jpg,64a35519563c69be7dd9b5a549b16aa29b672b97ffb4cfabe44f2e5a177105f4
avimg_612.jpg,611a20731d3da201ac285fd27c0594382394c2bb78f469da6358d68115678875
avimg_613.jpg,a2ca3882446cf75db4793a18c4d3ff9dc47b7e0286c98d172d54aa9a65fd1518
avimg_614.gif,c4b30d2aceb461537d1bdda1a8e6428877140b8a7a43d0a5c74388ac5bfacd16
avimg_615.jpg,bfe09db3e4792394cb730ecd3ad435c5c4fba4d87eb859dd2eed768286cfe66d
avimg_616.jpg,f90b3733252b348c947ce0ddaa8e9ffa55a7c6510098fdc912f7ed968d365ee5
avimg_617.jpg,3c6dacc2a1bed279f9e1db447c7880b9c261536dcfffab55e46f86a15a0e6052
avimg_618.jpg,fee9b4f6245e86c180e3a885cdcf258149363d53f8ed20d34c3f20a548a5e7aa
avimg_619.jpg,f7eb8040889d99aad41ce2956a3794f692af13fa58d225b6716ff878d66db5b2
avimg_62.jpg,6b6ada90c6ed7973d6dc8ca10cde614b67c028ef634ac2df91c04e71a3646284
avimg_620.jpg,17368f71127eb7f73400ae8b9b45b1d7414ee95fdcc950348293135da33a3f8e
avimg_621.jpg,e90a17585966d912671d9a3ab2c168389d61035a709cfcd957bcc3005489a6d4
avimg_622.jpg,dd8aa35743e633a2524fe53ba55ed2bddc6c57b55cac6e6dea62a7e2a894683e
avimg_623.jpg,afc02667e070ea8d65abd515cc172a679ec6bc182454eb3cf33827a1dc123178
avimg_624.jpg,1c182b10a16c4cabb546632ee8ef588aafc1a4bec1a71616e41d8ed5c39040e3
avimg_625.jpg,d6b6e965214ec53500130b0b2bf41c0c47064ab8c843cf591407787cd98987ed
avimg_626.gif,a02ed8196bb9b8139ad19c085bc117cbe43093930a2fc41b623d663ceee256d1
avimg_627.jpg,5328453cc7131d8cf4cfd4bfd950ad034f49dca21ece37999fef8d1aeaf8b539
avimg_628.jpg,b2870a9d315a3e0d978279e7be45a18d15d8fe214364591617182ed0bd4947be
avimg_629.jpg,f2839e26499cb0de6870a63d6c5c94b43878fad2675a4771b11c56a307f1fc5a
avimg_63.jpg,d03145651270b6b62b8db0fde08ccfb6a769c4c6b7938d1bce9bf4f449620a56
avimg_630.jpg,af14e7c08fc04eb629ef9901893823cbeb74431c930cd725dc63d6f2f34ec052
avimg_631.jpg,910ab4018074863ec3ee2d97a75e5a0ae5c7ec5cbf773b8c58702bbc250a6ffd
avimg_632.jpg,ee1a6ce40ac8b359cd7294e9ead8519a89b71cdcd3ca7be235147acd2a483f8a
avimg_633.jpg,f007e7e67ce627b687914f5c3b7f7fd80e5aac97185d32f0c9b87287fc127426
avimg_634.jpg,1b80ea4fe491c30161279b5fc1838b76da43eb11a03cca7f5ed8c49cd28ec81c
avimg_635.jpg,563b19662cec0f6975ddf9cd478c2b27b9c985756736e1ccf5720ff989a308bb
avimg_636.jpg,ecd8005b291c6296b898e4ffe94a6c6b6f98a8c594af63ad1b99e5fa5b18efef
avimg_637.jpg,eb290cd0081849d21fc519f8289f6f52c0c590ad0fde0f4c3b32c5af67d1c8ee
avimg_638.jpg,9ff8f69955072014ff9eaa8629f0e2b10470c2f72ad806610cf33f5390effd69
avimg_639.jpg,b8c5fd035752222b0e5c4d34ddbc51dfc72a6935acb550c0b2b7aa9956219353
avimg_64.jpg,7a7e72080079c5b2ccc0dca9ddf2e8285e7a35bfd1c9e9b9cae40827d7f6565f
avimg_640.jpg,2e59ebd8774be3ad6360135894c236519401e095260cc7d91e4f79b01ecc3b9c
avimg_641.jpg,1f0227bb2eebbe69fb5a38231b83634c133b7dc6176cc86a26e954379b8be07d
avimg_642.jpg,f51e39e91b78699d85300f7166cc2b75f055d0866aec1f40804d792876c64c63
avimg_643.jpg,cd9c9b2778b0f73483fe79b194669d26e0c2ecf28a1076fc465bd8283c17cb41
avimg_644.jpg,f1fd38ac9f577d16ad5c76f04c0eb7fb5aa6f5520be1a791aa09b7f88f71f3e7
avimg_645.jpg,90feac3c36e3fafbd6ee394503a33c4b13db16478281eee22a37f2e8aa6506ab
avimg_646.jpg,0a3c72fc7838ff905d87b1bcbac97b179f7d8739a9a23f206bc1264243b7687d
avimg_647.jpg,1af061b597d6ee1dc9098f4fa843fb33a174940512e85dee52cc802e8647cd79
avimg_648.jpg,2f8745914dfe7d0542c5194fe49384677635b72e326d31541dced24cb7c048ae
avimg_649.jpg,69a46fc85a08f206ea8cbe06eb9935c13a41318507cc9fb385efebc4098cbd14
avimg_65.jpg,17313454db7abd746a184e75c019b70d39cec66443816e6a257c6070bef569ea
avimg_650.jpg,6329e565badea6e2a8e515b16b9e931b5d0879966a3c8e0f15e71ab519bf3541
avimg_651.jpg,fa10106e9723ec3d964af38edb66658783c9c08597368d853402ad7162a303ff
avimg_652.jpg,cd54e44dac7747f306c1ef298d132f6c340a280bdc7245cf18d8afa741f7c56f
avimg_653.jpg,948c2512cd25ae83ad97fc63807322ac3f48248dfe731a662a2df6c1c02d7642
avimg_654.jpg,815dc319b43320a82cef1041c991419bbbab6a7da2101b636d66393a09b5ca4d
avimg_655.jpg,b16482aaeaaf039d76e9de1fc8d31a1ca6ddb60b619927ef3bc6d6bda7ee1f24
avimg_656.jpg,f3ceab409c45726c1338115bcc4153588e80c0612ea72d44c994ba7f0861a894
avimg_657.jpg,ce7cb0adc14f0c146fcc195badc582852f08683210484808790af5abad960aa3
avimg_658.jpg,040feddcaaea1401c39ed6dc1a0d76d788ff2368a446b0d48a3f5fe288818c73
avimg_659.jpg,654a25431866238b99b207cd3d5c82023a7f53d432beff6a9bec795131967d4a
avimg_66.jpg,5ff9657272c2f9c1ad6d075f59854a59be8f5553446de97a772e3ec2e496bcfe
avimg_660.jpg,2c7027b5b5541d23e5608bf2f9c060ae21bd8c8097d1e0b5f9097b0e769267bc
avimg_661.jpg,6ffd2839827a49caed771e1ca6048895468ad820b9994ba112a092d32788731b
avimg_662.jpg,a1eddd048094c479eb0555d0193eed88793c5d9adf2cc02bf4f19f79a6394966
avimg_663.jpg,b9ed5225954a98937e18e568749ab64305070ce6d37013c167d3663e207fa4a3
avimg_664.jpg,ec04d9c03b3a7f36524f1b2c41fbdc0ba0fa768894bfdede92590e71fcade3df
avimg_665.jpg,89e04dc0f7e54786334b007606de839147f8ffe8a4a8d523e2de84eb9febbf4f
avimg_666.jpg,16ea68f8e26f837edd3d872e31add355f3627e1805bb80708b0c59f4523ead17
avimg_667.jpg,a4f94849f857d41efb789c72adcf065e5f721805f08c601feae7dff718ae0806
avimg_668.jpg,a2cf2badf1d83c757924b5121d0f4db42471056cb2c5ebd992271b3d1e8cbee5
avimg_669.jpg,225cf007431436b623b70abf000488eae90fe5d4bad0adb3d309dca043b022c0
avimg_67.jpg,ba68b7d28342a8a3f958e99d6e246cdeca67dd604e27748a0d50e8053902f6e4
avimg_670.gif,6c6e26c8bd30fb22ca755a0fffe6bfe5efe03d4566b8947765e9bbdf1b56e255
avimg_671.gif,1e372768cc8b139f662b8dfb2eae59ef4d4b194a26701db3b32c70d3b281b31d
avimg_672.jpg,7244d2eb11df90a083ba0dc32de3ef77d1fa03a7248bff5e45d5254d0c04ac31
avimg_673.jpg,9a882113103ea88225d960a227d9681c721978cddcff1dc53c4a54ad6ecd98b0
avimg_674.jpg,ebff9122ad4e851e53b55812093791da55bde7fc6a6eb7da95ef36147ba0f2fe
avimg_675.jpg,2c1a4f863b58f0073884b2cb090fe254b38a996bb12a1210439e0bd0c4dd9b1c
avimg_676.jpg,7552f77a1c3fed7ee595d63ae30f344e50663614b852eb1d70ae038f85a3af42
avimg_677.jpg,2aae54d69e585d1096ffe5f7c9211df33b788a9b9b4be3328cafb9f3990fd374
avimg_678.jpg,62c228c18e26f5a7d0c21a2f30971d6bbaeedaddec0d05f287ad88e196e243af
avimg_679.jpg,33b8869ba6bf9bf6e0ea5450703db8f475917cfda6d3ae3b68e64c89256c207a
avimg_68.jpg,c885c5656ae9c90ccd67b0a83db60b9bc7c7b44b515a26c77836ecfffe959130
avimg_680.jpg,7ad06cfc4526a8f01237c1b6439674334edbc077c6070047f513b740c843bb38
avimg_681.jpg,926ca7f14030522192b1cc6a0910b9ac381d518bc620c7e2e6c89f863f7224bc
avimg_682.jpg,8c1102bc53d19235a0719021d98f9eac326015e0d0d34c6d09044835c7eeff8c
avimg_683.jpg,97cc292014aa62e44e28d3a03525bcb0609a9b5f61c3e5374a232c35241ec0ae
avimg_684.jpg,b45357a9962a9d6c7f92ea1498fa6cc05f10de640a6d6944eada642a1bbe92d8
avimg_685.jpg,fae583ef4063f4b7767ed16e1ada1420a592d7c04a69596f30b90a60fa069a53
avimg_686.gif,c54ef4f030b9493f7447ab9d64d4d57f2e3da408a5b8a2516ab41087be408c97
avimg_687.jpg,399530e6090f70e12ed6eb3d5b18cbad859f4f29fa7b3b94232c95b0b994c0be
avimg_688.jpg,a0e6ff81ec7d7f03a5cc0420cde63754b246a1e0c5ecba641989f9cd5eff6ef2
avimg_689.jpg,83f53d3e09a409802b915955ddd4554cd4ebb98e17ecd7f8c96fb51319d92829
avimg_69.jpg,855e2a67ba54b5e86740a6bcb4595450fdafaab60a6aa75006fab685b8d3a176
avimg_690.jpg,e442f3b7c9826bf5a7edbde98e315fad7b8be74c166113bf2eee8cba0ac61b41
avimg_691.jpg,9e16850f3c6c4a928faa6138d20e485c480fb4af7fd7bee30253d6d316cc3573
avimg_692.jpg,ae93dfcbcb6ec1e4bdec647825c6b08add59f14cf4b97044ec6da4344c5af5af
avimg_693.gif,8fd5d9efa5a29dc87b31e331b870dd3518bbf1e45d5a49746b2574cc92d2e968
avimg_694.jpg,09b66bc25986672fdf11bdf0d5f5ff628ad7c9f3e13910e17e4eac1535c1c584
avimg_695.jpg,26d8a66a30c6b537c0511a8442467bddb996683a7d9802a740fa4c47a7065987
avimg_7.jpg,4cff5908946405c84711726a10dcffe8a886488b9557d4927b5a2516c4a0d903
avimg_70.jpg,291f07a5de6449f295411b40bdb236bd306a7f24e94934eca625f25356a680de
avimg_71.jpg,e74c285b5740a4d6fea851a4e27d9f5575ab04b20fdedbefd16cafc99aa6f5f6
avimg_72.jpg,e6d221b196ee5ec259717f53ac6515dc9570d18637165538f46ff199dfbdd260
avimg_73.jpg,b4053cd064b4f6772ddf93728904011269bee8be89afb7ae8b289602068a5f20
avimg_74.jpg,a005df5dd7edf93edfb667ce314e91b0b85b2fe1f5ae6f7094246f269265e208
avimg_75.jpg,fbbd3abbb67cac8d1c2eccac6459bd66632600896aec7619ac16d4fcfdbead4f
avimg_76.jpg,351827a40c59b7a6509557a6ccf21a74cd01724626bfe95b32982229285c0a81
avimg_77.jpg,d6842ead76d053a1f07527dcce0907af96495fb75f6c5fee6a266777c4c20033
avimg_78.jpg,6e7b8d697e16b96e8327fd2ea664add44221cc89e94d0ec446c91fcd207a600e
avimg_79.jpg,e00072973303dc2676ad847b63108a184d40b5d30e26cbe800b67aa033171e16
avimg_8.jpg,18f361aaa7ab9657237b6449dd1abd541e7e43146507b9a2166c99c931c2b1d3
avimg_80.jpg,c73b4374099658cdf3e03c0ae8edd8284a5eba915b84a9b80905cbf6ce164368
avimg_81.jpg,7c86591e945a8698ac2ceea410527ac724efd8316e97c087c60ecdfd95d6918c
avimg_82.jpg,cff6b12b24432dd17e34dba8cdfe4a7fbec11fedbf76b352fbec310286309d36
avimg_83.jpg,4a8c28c1b82a0b795dd3d088fb843d00cc5d0869f3789f76f6a9a946d5d4c675
avimg_84.jpg,194af479097c16e4862576ae601b96087efe5809c3a48b54b8229694762f4096
avimg_85.jpg,48fc8b7a4f9411abb31f3ac347a4169df7021b57fedc9de14263ada510e2d5f8
avimg_86.jpg,e8d19ff16c9e44207560721a0b357168899f78ff65c06d1cf93b996d59293df6
avimg_87.jpg,d3726fa084f9b4142add0be214cc854cdb89fe760cd72b08fdc4553023bc284f
avimg_88.jpg,4d8278b466178bf3cbab8c76ed5c63cd2d279c7874ba5af4ffa3e0998131eed2
avimg_89.jpg,7e9cdf66f1687c5c0460441ec076b60acfb7e352071d98c12270cbcbb0e76ad4
avimg_9.jpg,d5c30f2336cad40c1e011c797b198ff071ec36c663b1b2279935a8df527de1f6
avimg_90.gif,e4847ec49d9fab4983768a54969e15986512a62eeb0c168bac83d4a3049f8411
avimg_91.jpg,e9d4d20ab23e0dcf8a018788c1db8eec964ef98eb664ee0ae165f9c6a3acbdb9
avimg_92.jpg,080533f786efdf35ef909080ff110e5f945720e5dedb0dcaaf6091807d61108f
avimg_93.jpg,582ed9b7d3cca30cd0ec566ce95a333a464bef2524ec05ea25bc83a2de6c89e7
avimg_94.jpg,3a555527093005de9a8dda49d1db184bb5093e9ab1067dde83871340f151d16a
avimg_95.jpg,d0333055d09050fe4c543becd6a34f18d3273337a7cb8c3823f36483d09da80f
avimg_96.jpg,df7bc19bdbda2e9f8f6c9ab4377edef65f0f1ea4637eeafa70f494ee2174d497
avimg_97.jpg,3a924bea9a6ed3c59734ab3b08b342927868debf716c5df26658c4ea79f3a69a
avimg_98.jpg,54d530a6cb262d31896c2c990d65a6ffe41e403564d1f992ac0bfeb2174b1e32
avimg_99.jpg,4edee093c61627000a98a26571967ef2151322c10be2aeed3d9f548805d7dce7
